Workbook
Name a: #REF!
Name a: #REF!
Name a: #REF!
Name AGOSTO: #REF!
Name AGOSTO: #REF!
Name AGOSTO: #REF!
Name d: #REF!
Name d: #REF!
Name d: #REF!
Name DEALER: [1]MAESTRO!$N$3:$N$63
Name DEALER: [1]MAESTRO!$N$3:$N$63
Name DEALER: MAESTRO!$N$3:$N$55
Name DEALER: MAESTRO!$N$3:$N$55
Name febrero: #REF!
Name febrero: #REF!
Name febrero: #REF!
Name JKH: #REF!
Name JKH: #REF!
Name JKH: #REF!
Name JUNIO: #REF!
Name JUNIO: #REF!
Name JUNIO: #REF!
Name ListaMeses: [1]MAESTRO!$H$3:$H$14
Name MES: #REF!
Name MES: #REF!
Name MES: #REF!
Name MES: #REF!
Name MES: #REF!
Name MES: #REF!
Name MES: #REF!
Name MES: #REF!
Name MES: #REF!
Name MES: #REF!
Name MES: #REF!
Name MES: #REF!
Name MES: #REF!
Name MES: #REF!
Name MES: #REF!
Name MES_DASHBOARD: Tabla6[MES]
Name MES_DASHBOARD: Tabla6[MES]
Name MES_DASHBOARD: Tabla6[MES]
Name MES_DASHBOARD: Tabla6[MES]
Name MES_DASHBOARD: Tabla6[MES]
Name MES_DASHBOARD: Tabla6[MES]
Name MES_DASHBOARD: Tabla6[MES]
Name MES_DASHBOARD: Tabla6[MES]
Name PRUEBA: #REF!
Name PRUEBA: #REF!
Name PRUEBA: #REF!
Name PRUEBA: #REF!
Name PRUEBA: #REF!
Name PRUEBA: #REF!
Name PRUEBA: #REF!
Name PRUEBA: #REF!
Name PRUEBA: #REF!
Name PRUEBA: #REF!
Name PRUEBA: #REF!
Name PRUEBA: #REF!
Name PRUEBA: #REF!
Name Q: Tabla7[Q]

Sheet Dealer Dashboard
C3: REPORTE MENSUAL: | F3: Acumulado Mes | G3: JUNIO | I3: =IF(F3="SEMESTRE 1", "ENERO - JUNIO", IF(F3="SEMESTRE 2", "JULIO - DICIEMBRE", "")) | K3: 2026
O4: TRUE
D5: Concesión: | E5: BYMYCAR MADRID
F11: Performance | G11: BMW | I11: MINI
F12: Objetivo Ventas Retail | G12: {=IFERROR( IF(OR(F3="Acumulado Mes", F3="Acumulado Mes 2º S"), SUMPRODUCT( INDEX( 'UC BMW 2026 BPS'!$F$4:$DH$67, MATCH(E5, 'UC BMW 2026 BPS'!$C$4:$C$67, 0), IF( F3="Acumulado Mes 2º S", {37;43;49;55;61;67}, {1;7;13;19;25;31;37;43;49;55;61;67} ) ), IF( F3="Acumulado Mes 2º S", CHOOSE( MATCH($G$3, {"JULIO";"AGOSTO";"SEPTIEMBRE";"OCTUBRE";"NOVIEMBRE";"DICIEMBRE"}, 0), {1;0;0;0;0;0}, {1;1;0;0;0;0}, {1;1;1;0;0;0}, {1;1;1;1;0;0}, {1;1;1;1;1;0}, {1;1;1;1;1;1} ), CHOOSE( MATCH($G$3, {"ENERO";"FEBRERO";"MARZO";"ABRIL";"MAYO";"JUNIO";"JULIO";"AGOSTO";"SEPTIEMBRE";"OCTUBRE";"NOVIEMBRE";"DICIEMBRE"}, 0), {1;0;0;0;0;0;0;0;0;0;0;0}, {1;1;0;0;0;0;0;0;0;0;0;0}, {1;1;1;0;0;0;0;0;0;0;0;0}, {1;1;1;1;0;0;0;0;0;0;0;0}, {1;1;1;1;1;0;0;0;0;0;0;0}, {1;1;1;1;1;1;0;0;0;0;0;0}, {1;1;1;1;1;1;1;0;0;0;0;0}, {1;1;1;1;1;1;1;1;0;0;0;0}, {1;1;1;1;1;1;1;1;1;0;0;0}, {1;1;1;1;1;1;1;1;1;1;0;0}, {1;1;1;1;1;1;1;1;1;1;1;0}, {1;1;1;1;1;1;1;1;1;1;1;1} ) ) ), INDEX( 'UC BMW 2026 BPS'!$F$4:$DH$67, MATCH(E5, 'UC BMW 2026 BPS'!$C$4:$C$67, 0), CHOOSE( MATCH(F3, {"ENERO";"FEBRERO";"MARZO";"ABRIL";"MAYO";"JUNIO";"JULIO";"AGOSTO";"SEPTIEMBRE";"OCTUBRE";"NOVIEMBRE";"DICIEMBRE";"ANUAL";"SEMESTRE 1";"SEMESTRE 2"}, 0), 1, 7, 13, 19, 25, 31, 37, 43, 49, 55, 61, 67, 80, 94, 101 ) ) ), "No encontrado" )} -> 250 | I12: {=IFERROR( IF(OR(F3="Acumulado Mes", F3="Acumulado Mes 2º S"), SUMPRODUCT( INDEX( 'UC MINI 2026 MINI NEXT'!$F$4:$DT$64, MATCH(E5, 'UC MINI 2026 MINI NEXT'!$C$4:$C$63, 0), IF( F3="Acumulado Mes 2º S", {43;50;57;64;71;78}, {1;8;15;22;29;36;43;50;57;64;71;78} ) ), IF( F3="Acumulado Mes 2º S", CHOOSE( MATCH($G$3, {"JULIO";"AGOSTO";"SEPTIEMBRE";"OCTUBRE";"NOVIEMBRE";"DICIEMBRE"}, 0), {1;0;0;0;0;0}, {1;1;0;0;0;0}, {1;1;1;0;0;0}, {1;1;1;1;0;0}, {1;1;1;1;1;0}, {1;1;1;1;1;1} ), CHOOSE( MATCH($G$3, {"ENERO";"FEBRERO";"MARZO";"ABRIL";"MAYO";"JUNIO";"JULIO";"AGOSTO";"SEPTIEMBRE";"OCTUBRE";"NOVIEMBRE";"DICIEMBRE"}, 0), {1;0;0;0;0;0;0;0;0;0;0;0}, {1;1;0;0;0;0;0;0;0;0;0;0}, {1;1;1;0;0;0;0;0;0;0;0;0}, {1;1;1;1;0;0;0;0;0;0;0;0}, {1;1;1;1;1;0;0;0;0;0;0;0}, {1;1;1;1;1;1;0;0;0;0;0;0}, {1;1;1;1;1;1;1;0;0;0;0;0}, {1;1;1;1;1;1;1;1;0;0;0;0}, {1;1;1;1;1;1;1;1;1;0;0;0}, {1;1;1;1;1;1;1;1;1;1;0;0}, {1;1;1;1;1;1;1;1;1;1;1;0}, {1;1;1;1;1;1;1;1;1;1;1;1} ) ) ), INDEX( 'UC MINI 2026 MINI NEXT'!$F$4:$DT$64, MATCH(E5, 'UC MINI 2026 MINI NEXT'!$C$4:$C$63, 0), CHOOSE( MATCH(F3, {"ENERO";"FEBRERO";"MARZO";"ABRIL";"MAYO";"JUNIO";"JULIO";"AGOSTO";"SEPTIEMBRE";"OCTUBRE";"NOVIEMBRE";"DICIEMBRE";"ANUAL";"SEMESTRE 1";"SEMESTRE 2"}, 0), 1, 8, 15, 22, 29, 36, 43, 50, 57, 64, 71, 78, 92, 106, 113 ) ) ), "No encontrado" )} -> 75 | M12: =IFERROR((G13-G12)/G12,0) -> 0.248 | P12: =IFERROR((I13-I12)/I12,0) -> 0.42666667
F13: Realizado Ventas Retail | G13: {=IFERROR( IF(OR(F3="Acumulado Mes", F3="Acumulado Mes 2º S"), SUMPRODUCT( INDEX( 'UC BMW 2026 BPS'!$F$4:$DH$67, MATCH(E5, 'UC BMW 2026 BPS'!$C$4:$C$67, 0), IF( F3="Acumulado Mes 2º S", {38;44;50;56;62;68}, {2;8;14;20;26;32;38;44;50;56;62;68} ) ), IF( F3="Acumulado Mes 2º S", CHOOSE( MATCH($G$3, {"JULIO";"AGOSTO";"SEPTIEMBRE";"OCTUBRE";"NOVIEMBRE";"DICIEMBRE"}, 0), {1;0;0;0;0;0}, {1;1;0;0;0;0}, {1;1;1;0;0;0}, {1;1;1;1;0;0}, {1;1;1;1;1;0}, {1;1;1;1;1;1} ), CHOOSE( MATCH($G$3, {"ENERO";"FEBRERO";"MARZO";"ABRIL";"MAYO";"JUNIO";"JULIO";"AGOSTO";"SEPTIEMBRE";"OCTUBRE";"NOVIEMBRE";"DICIEMBRE"}, 0), {1;0;0;0;0;0;0;0;0;0;0;0}, {1;1;0;0;0;0;0;0;0;0;0;0}, {1;1;1;0;0;0;0;0;0;0;0;0}, {1;1;1;1;0;0;0;0;0;0;0;0}, {1;1;1;1;1;0;0;0;0;0;0;0}, {1;1;1;1;1;1;0;0;0;0;0;0}, {1;1;1;1;1;1;1;0;0;0;0;0}, {1;1;1;1;1;1;1;1;0;0;0;0}, {1;1;1;1;1;1;1;1;1;0;0;0}, {1;1;1;1;1;1;1;1;1;1;0;0}, {1;1;1;1;1;1;1;1;1;1;1;0}, {1;1;1;1;1;1;1;1;1;1;1;1} ) ) ), INDEX( 'UC BMW 2026 BPS'!$F$4:$DH$67, MATCH(E5, 'UC BMW 2026 BPS'!$C$4:$C$67, 0), CHOOSE( MATCH(F3, {"ENERO";"FEBRERO";"MARZO";"ABRIL";"MAYO";"JUNIO";"JULIO";"AGOSTO";"SEPTIEMBRE";"OCTUBRE";"NOVIEMBRE";"DICIEMBRE";"ANUAL";"SEMESTRE 1";"SEMESTRE 2"}, 0), 2, 8, 14, 20, 26, 32, 38, 44, 50, 56, 62, 68, 81, 95, 102 ) ) ), "No encontrado" )} -> 312 | I13: {=IFERROR( IF(OR(F3="Acumulado Mes", F3="Acumulado Mes 2º S"), SUMPRODUCT( INDEX( 'UC MINI 2026 MINI NEXT'!$F$4:$DT$64, MATCH(E5, 'UC MINI 2026 MINI NEXT'!$C$4:$C$63, 0), IF( F3="Acumulado Mes 2º S", {44;51;58;65;72;79}, {2;9;16;23;30;37;44;51;58;65;72;79} ) ), IF( F3="Acumulado Mes 2º S", CHOOSE( MATCH($G$3, {"JULIO";"AGOSTO";"SEPTIEMBRE";"OCTUBRE";"NOVIEMBRE";"DICIEMBRE"}, 0), {1;0;0;0;0;0}, {1;1;0;0;0;0}, {1;1;1;0;0;0}, {1;1;1;1;0;0}, {1;1;1;1;1;0}, {1;1;1;1;1;1} ), CHOOSE( MATCH($G$3, {"ENERO";"FEBRERO";"MARZO";"ABRIL";"MAYO";"JUNIO";"JULIO";"AGOSTO";"SEPTIEMBRE";"OCTUBRE";"NOVIEMBRE";"DICIEMBRE"}, 0), {1;0;0;0;0;0;0;0;0;0;0;0}, {1;1;0;0;0;0;0;0;0;0;0;0}, {1;1;1;0;0;0;0;0;0;0;0;0}, {1;1;1;1;0;0;0;0;0;0;0;0}, {1;1;1;1;1;0;0;0;0;0;0;0}, {1;1;1;1;1;1;0;0;0;0;0;0}, {1;1;1;1;1;1;1;0;0;0;0;0}, {1;1;1;1;1;1;1;1;0;0;0;0}, {1;1;1;1;1;1;1;1;1;0;0;0}, {1;1;1;1;1;1;1;1;1;1;0;0}, {1;1;1;1;1;1;1;1;1;1;1;0}, {1;1;1;1;1;1;1;1;1;1;1;1} ) ) ), INDEX( 'UC MINI 2026 MINI NEXT'!$F$4:$DT$64, MATCH(E5, 'UC MINI 2026 MINI NEXT'!$C$4:$C$63, 0), CHOOSE( MATCH(F3, {"ENERO";"FEBRERO";"MARZO";"ABRIL";"MAYO";"JUNIO";"JULIO";"AGOSTO";"SEPTIEMBRE";"OCTUBRE";"NOVIEMBRE";"DICIEMBRE";"ANUAL";"SEMESTRE 1";"SEMESTRE 2"}, 0), 2, 9, 16, 23, 30, 37, 44, 51, 58, 65, 72, 79, 93, 107, 114 ) ) ), "No encontrado" )} -> 107
F14: % Cumplimentación Ventas Retail | G14: =IFERROR(G13/G12,0) -> 1.248 | I14: =IFERROR(I13/I12,0) -> 1.4266667
F15: Ventas BPS / MN | G15: {=IFERROR( IF(OR(F3="Acumulado Mes", F3="Acumulado Mes 2º S"), SUMPRODUCT( INDEX( 'UC BMW 2026 BPS'!$F$4:$DH$67, MATCH(E5, 'UC BMW 2026 BPS'!$C$4:$C$67, 0), IF( F3="Acumulado Mes 2º S", {39;45;51;57;63;69}, {3;9;15;21;27;33;39;45;51;57;63;69} ) ), IF( F3="Acumulado Mes 2º S", CHOOSE( MATCH($G$3, {"JULIO";"AGOSTO";"SEPTIEMBRE";"OCTUBRE";"NOVIEMBRE";"DICIEMBRE"}, 0), {1;0;0;0;0;0}, {1;1;0;0;0;0}, {1;1;1;0;0;0}, {1;1;1;1;0;0}, {1;1;1;1;1;0}, {1;1;1;1;1;1} ), CHOOSE( MATCH($G$3, {"ENERO";"FEBRERO";"MARZO";"ABRIL";"MAYO";"JUNIO";"JULIO";"AGOSTO";"SEPTIEMBRE";"OCTUBRE";"NOVIEMBRE";"DICIEMBRE"}, 0), {1;0;0;0;0;0;0;0;0;0;0;0}, {1;1;0;0;0;0;0;0;0;0;0;0}, {1;1;1;0;0;0;0;0;0;0;0;0}, {1;1;1;1;0;0;0;0;0;0;0;0}, {1;1;1;1;1;0;0;0;0;0;0;0}, {1;1;1;1;1;1;0;0;0;0;0;0}, {1;1;1;1;1;1;1;0;0;0;0;0}, {1;1;1;1;1;1;1;1;0;0;0;0}, {1;1;1;1;1;1;1;1;1;0;0;0}, {1;1;1;1;1;1;1;1;1;1;0;0}, {1;1;1;1;1;1;1;1;1;1;1;0}, {1;1;1;1;1;1;1;1;1;1;1;1} ) ) ), INDEX( 'UC BMW 2026 BPS'!$F$4:$DH$67, MATCH(E5, 'UC BMW 2026 BPS'!$C$4:$C$67, 0), CHOOSE( MATCH(F3, {"ENERO";"FEBRERO";"MARZO";"ABRIL";"MAYO";"JUNIO";"JULIO";"AGOSTO";"SEPTIEMBRE";"OCTUBRE";"NOVIEMBRE";"DICIEMBRE";"ANUAL";"SEMESTRE 1";"SEMESTRE 2"}, 0), 3, 9, 15, 21, 27, 33, 39, 45, 51, 57, 63, 69, 83, 97, 104 ) ) ), "No encontrado" )} -> 288 | I15: {=IFERROR( IF(OR(F3="Acumulado Mes", F3="Acumulado Mes 2º S"), SUMPRODUCT( INDEX( 'UC MINI 2026 MINI NEXT'!$F$4:$DT$64, MATCH(E5, 'UC MINI 2026 MINI NEXT'!$C$4:$C$63, 0), IF( F3="Acumulado Mes 2º S", {46;53;60;67;74;81}, {4;11;18;25;32;39;46;53;60;67;74;81} ) ), IF( F3="Acumulado Mes 2º S", CHOOSE( MATCH($G$3, {"JULIO";"AGOSTO";"SEPTIEMBRE";"OCTUBRE";"NOVIEMBRE";"DICIEMBRE"}, 0), {1;0;0;0;0;0}, {1;1;0;0;0;0}, {1;1;1;0;0;0}, {1;1;1;1;0;0}, {1;1;1;1;1;0}, {1;1;1;1;1;1} ), CHOOSE( MATCH($G$3, {"ENERO";"FEBRERO";"MARZO";"ABRIL";"MAYO";"JUNIO";"JULIO";"AGOSTO";"SEPTIEMBRE";"OCTUBRE";"NOVIEMBRE";"DICIEMBRE"}, 0), {1;0;0;0;0;0;0;0;0;0;0;0}, {1;1;0;0;0;0;0;0;0;0;0;0}, {1;1;1;0;0;0;0;0;0;0;0;0}, {1;1;1;1;0;0;0;0;0;0;0;0}, {1;1;1;1;1;0;0;0;0;0;0;0}, {1;1;1;1;1;1;0;0;0;0;0;0}, {1;1;1;1;1;1;1;0;0;0;0;0}, {1;1;1;1;1;1;1;1;0;0;0;0}, {1;1;1;1;1;1;1;1;1;0;0;0}, {1;1;1;1;1;1;1;1;1;1;0;0}, {1;1;1;1;1;1;1;1;1;1;1;0}, {1;1;1;1;1;1;1;1;1;1;1;1} ) ) ), INDEX( 'UC MINI 2026 MINI NEXT'!$F$4:$DT$64, MATCH(E5, 'UC MINI 2026 MINI NEXT'!$C$4:$C$63, 0), CHOOSE( MATCH(F3, {"ENERO";"FEBRERO";"MARZO";"ABRIL";"MAYO";"JUNIO";"JULIO";"AGOSTO";"SEPTIEMBRE";"OCTUBRE";"NOVIEMBRE";"DICIEMBRE";"ANUAL";"SEMESTRE 1";"SEMESTRE 2"}, 0), 4, 11, 18, 25, 32, 39, 46, 53, 60, 67, 74, 81, 95, 109, 116 ) ) ), "No encontrado" )} -> 98
F16: % BPS / % MN | G16: =IFERROR(G15/G13,0) -> 0.92307692 | I16: =IFERROR(I15/I13,0) -> 0.91588785
F17: Retail Origen Remarketing | G17: {=IFERROR( IF(OR(F3="Acumulado Mes", F3="Acumulado Mes 2º S"), SUMPRODUCT( INDEX( 'UC BMW 2026 BPS'!$F$4:$DH$67, MATCH(E5, 'UC BMW 2026 BPS'!$C$4:$C$67, 0), IF( F3="Acumulado Mes 2º S", {41;47;53;59;65;71}, {5;11;17;23;29;35;41;47;53;59;65;71} ) ), IF( F3="Acumulado Mes 2º S", CHOOSE( MATCH($G$3, {"JULIO";"AGOSTO";"SEPTIEMBRE";"OCTUBRE";"NOVIEMBRE";"DICIEMBRE"}, 0), {1;0;0;0;0;0}, {1;1;0;0;0;0}, {1;1;1;0;0;0}, {1;1;1;1;0;0}, {1;1;1;1;1;0}, {1;1;1;1;1;1} ), CHOOSE( MATCH($G$3, {"ENERO";"FEBRERO";"MARZO";"ABRIL";"MAYO";"JUNIO";"JULIO";"AGOSTO";"SEPTIEMBRE";"OCTUBRE";"NOVIEMBRE";"DICIEMBRE"}, 0), {1;0;0;0;0;0;0;0;0;0;0;0}, {1;1;0;0;0;0;0;0;0;0;0;0}, {1;1;1;0;0;0;0;0;0;0;0;0}, {1;1;1;1;0;0;0;0;0;0;0;0}, {1;1;1;1;1;0;0;0;0;0;0;0}, {1;1;1;1;1;1;0;0;0;0;0;0}, {1;1;1;1;1;1;1;0;0;0;0;0}, {1;1;1;1;1;1;1;1;0;0;0;0}, {1;1;1;1;1;1;1;1;1;0;0;0}, {1;1;1;1;1;1;1;1;1;1;0;0}, {1;1;1;1;1;1;1;1;1;1;1;0}, {1;1;1;1;1;1;1;1;1;1;1;1} ) ) ), INDEX( 'UC BMW 2026 BPS'!$F$4:$DH$67, MATCH(E5, 'UC BMW 2026 BPS'!$C$4:$C$67, 0), CHOOSE( MATCH(F3, {"ENERO";"FEBRERO";"MARZO";"ABRIL";"MAYO";"JUNIO";"JULIO";"AGOSTO";"SEPTIEMBRE";"OCTUBRE";"NOVIEMBRE";"DICIEMBRE";"ANUAL";"SEMESTRE 1";"SEMESTRE 2"}, 0), 5, 11, 17, 23, 29, 35, 41, 47, 53, 59, 65, 71, 85, 99, 106 ) ) ), "No encontrado" )} -> 67 | I17: {=IFERROR( IF(OR(F3="Acumulado Mes", F3="Acumulado Mes 2º S"), SUMPRODUCT( INDEX( 'UC MINI 2026 MINI NEXT'!$F$4:$DT$64, MATCH(E5, 'UC MINI 2026 MINI NEXT'!$C$4:$C$63, 0), IF( F3="Acumulado Mes 2º S", {48;55;62;69;76;83}, {6;13;20;27;34;41;48;55;62;69;76;83} ) ), IF( F3="Acumulado Mes 2º S", CHOOSE( MATCH($G$3, {"JULIO";"AGOSTO";"SEPTIEMBRE";"OCTUBRE";"NOVIEMBRE";"DICIEMBRE"}, 0), {1;0;0;0;0;0}, {1;1;0;0;0;0}, {1;1;1;0;0;0}, {1;1;1;1;0;0}, {1;1;1;1;1;0}, {1;1;1;1;1;1} ), CHOOSE( MATCH($G$3, {"ENERO";"FEBRERO";"MARZO";"ABRIL";"MAYO";"JUNIO";"JULIO";"AGOSTO";"SEPTIEMBRE";"OCTUBRE";"NOVIEMBRE";"DICIEMBRE"}, 0), {1;0;0;0;0;0;0;0;0;0;0;0}, {1;1;0;0;0;0;0;0;0;0;0;0}, {1;1;1;0;0;0;0;0;0;0;0;0}, {1;1;1;1;0;0;0;0;0;0;0;0}, {1;1;1;1;1;0;0;0;0;0;0;0}, {1;1;1;1;1;1;0;0;0;0;0;0}, {1;1;1;1;1;1;1;0;0;0;0;0}, {1;1;1;1;1;1;1;1;0;0;0;0}, {1;1;1;1;1;1;1;1;1;0;0;0}, {1;1;1;1;1;1;1;1;1;1;0;0}, {1;1;1;1;1;1;1;1;1;1;1;0}, {1;1;1;1;1;1;1;1;1;1;1;1} ) ) ), INDEX( 'UC MINI 2026 MINI NEXT'!$F$4:$DT$64, MATCH(E5, 'UC MINI 2026 MINI NEXT'!$C$4:$C$63, 0), CHOOSE( MATCH(F3, {"ENERO";"FEBRERO";"MARZO";"ABRIL";"MAYO";"JUNIO";"JULIO";"AGOSTO";"SEPTIEMBRE";"OCTUBRE";"NOVIEMBRE";"DICIEMBRE";"ANUAL";"SEMESTRE 1";"SEMESTRE 2"}, 0), 6, 13, 20, 27, 34, 41, 48, 55, 62, 69, 76, 83, 97, 111, 118 ) ) ), "No encontrado" )} -> 27
F18: % Retail Origen Remarketing | G18: =IFERROR(G17/G12,0) -> 0.268 | I18: =IFERROR(I17/I12,0) -> 0.36
F19: Ventas Totales BEV | G19: {=IFERROR( IF(OR(F3="Acumulado Mes", F3="Acumulado Mes 2º S"), SUMPRODUCT( INDEX( 'BEV BMW 2026'!$F$4:$BH$67, MATCH(E5, 'BEV BMW 2026'!$C$4:$C$67, 0), IF( F3="Acumulado Mes 2º S", {20;23;26;29;32;35}, {2;5;8;11;14;17;20;23;26;29;32;35} ) ), IF( F3="Acumulado Mes 2º S", CHOOSE( MATCH(G3, {"JULIO";"AGOSTO";"SEPTIEMBRE";"OCTUBRE";"NOVIEMBRE";"DICIEMBRE"}, 0), {1;0;0;0;0;0}, {1;1;0;0;0;0}, {1;1;1;0;0;0}, {1;1;1;1;0;0}, {1;1;1;1;1;0}, {1;1;1;1;1;1} ), CHOOSE( MATCH(G3, {"ENERO";"FEBRERO";"MARZO";"ABRIL";"MAYO";"JUNIO";"JULIO";"AGOSTO";"SEPTIEMBRE";"OCTUBRE";"NOVIEMBRE";"DICIEMBRE"}, 0), {1;0;0;0;0;0;0;0;0;0;0;0}, {1;1;0;0;0;0;0;0;0;0;0;0}, {1;1;1;0;0;0;0;0;0;0;0;0}, {1;1;1;1;0;0;0;0;0;0;0;0}, {1;1;1;1;1;0;0;0;0;0;0;0}, {1;1;1;1;1;1;0;0;0;0;0;0}, {1;1;1;1;1;1;1;0;0;0;0;0}, {1;1;1;1;1;1;1;1;0;0;0;0}, {1;1;1;1;1;1;1;1;1;0;0;0}, {1;1;1;1;1;1;1;1;1;1;0;0}, {1;1;1;1;1;1;1;1;1;1;1;0}, {1;1;1;1;1;1;1;1;1;1;1;1} ) ) ), INDEX( 'BEV BMW 2026'!$F$4:$BH$67, MATCH(E5, 'BEV BMW 2026'!$C$4:$C$67, 0), CHOOSE( MATCH(F3, {"ENERO";"FEBRERO";"MARZO";"ABRIL";"MAYO";"JUNIO";"JULIO";"AGOSTO";"SEPTIEMBRE";"OCTUBRE";"NOVIEMBRE";"DICIEMBRE";"ANUAL";"SEMESTRE 1";"SEMESTRE 2"}, 0), 2, 5, 8, 11, 14, 17, 20, 23, 26, 29, 32, 35, 41, 51, 54 ) ) ), "No encontrado" )} -> 701 | I19: {=IFERROR( IF(OR(F3="Acumulado Mes", F3="Acumulado Mes 2º S"), SUMPRODUCT( INDEX( 'BEV MINI 2026'!$F$4:$BH$64, MATCH(E5, 'BEV MINI 2026'!$C$4:$C$64, 0), IF( F3="Acumulado Mes 2º S", {20;23;26;29;32;35}, {2;5;8;11;14;17;20;23;26;29;32;35} ) ), IF( F3="Acumulado Mes 2º S", CHOOSE( MATCH($G$3, {"JULIO";"AGOSTO";"SEPTIEMBRE";"OCTUBRE";"NOVIEMBRE";"DICIEMBRE"}, 0), {1;0;0;0;0;0}, {1;1;0;0;0;0}, {1;1;1;0;0;0}, {1;1;1;1;0;0}, {1;1;1;1;1;0}, {1;1;1;1;1;1} ), CHOOSE( MATCH($G$3, {"ENERO";"FEBRERO";"MARZO";"ABRIL";"MAYO";"JUNIO";"JULIO";"AGOSTO";"SEPTIEMBRE";"OCTUBRE";"NOVIEMBRE";"DICIEMBRE"}, 0), {1;0;0;0;0;0;0;0;0;0;0;0}, {1;1;0;0;0;0;0;0;0;0;0;0}, {1;1;1;0;0;0;0;0;0;0;0;0}, {1;1;1;1;0;0;0;0;0;0;0;0}, {1;1;1;1;1;0;0;0;0;0;0;0}, {1;1;1;1;1;1;0;0;0;0;0;0}, {1;1;1;1;1;1;1;0;0;0;0;0}, {1;1;1;1;1;1;1;1;0;0;0;0}, {1;1;1;1;1;1;1;1;1;0;0;0}, {1;1;1;1;1;1;1;1;1;1;0;0}, {1;1;1;1;1;1;1;1;1;1;1;0}, {1;1;1;1;1;1;1;1;1;1;1;1} ) ) ), INDEX( 'BEV MINI 2026'!$F$4:$BH$64, MATCH(E5, 'BEV MINI 2026'!$C$4:$C$64, 0), CHOOSE( MATCH(F3, {"ENERO";"FEBRERO";"MARZO";"ABRIL";"MAYO";"JUNIO";"JULIO";"AGOSTO";"SEPTIEMBRE";"OCTUBRE";"NOVIEMBRE";"DICIEMBRE";"ANUAL";"SEMESTRE 1";"SEMESTRE 2"}, 0), 2, 5, 8, 11, 14, 17, 20, 23, 26, 29, 32, 35, 41, 51, 54 ) ) ), "No encontrado" )} -> 162
F20: % de Ventas Totales BEV | G20: =IFERROR(G19/G12,0) -> 2.804 | I20: =IFERROR(I19/I12,0) -> 2.16
F22: Mystery Shopping VO | G22: =IFERROR(IF(OR(F3="ENERO",F3="FEBRERO",F3="MARZO",F3="ABRIL",F3="MAYO",F3="JUNIO"), INDEX('MYS 2026'!$F$5:$F$68,MATCH(E5,'MYS 2026'!$C$5:$C$68,0)), IF(OR(F3="JULIO",F3="AGOSTO",F3="SEPTIEMBRE",F3="OCTUBRE",F3="NOVIEMBRE",F3="DICIEMBRE"), INDEX('MYS 2026'!$H$5:$H$68,MATCH(E5,'MYS 2026'!$C$5:$C$68,0)), IF(F3="ANUAL", 0, IF(F3="SEMESTRE 1", INDEX('MYS 2026'!$F$5:$F$68,MATCH(E5,'MYS 2026'!$C$5:$C$68,0)), IF(F3="SEMESTRE 2", INDEX('MYS 2026'!$H$5:$H$68,MATCH(E5,'MYS 2026'!$C$5:$C$68,0)), IF(F3="ACUMULADO MES", IF(OR(G3="ENERO",G3="FEBRERO",G3="MARZO",G3="ABRIL",G3="MAYO",G3="JUNIO"), INDEX('MYS 2026'!$F$5:$F$68,MATCH(E5,'MYS 2026'!$C$5:$C$68,0)), INDEX('MYS 2026'!$H$5:$H$68,MATCH(E5,'MYS 2026'!$C$5:$C$68,0))), "")))))), "") -> 0.79 | I22: =IFERROR(IF(OR(F3="ENERO",F3="FEBRERO",F3="MARZO",F3="ABRIL",F3="MAYO",F3="JUNIO"), INDEX('MYS 2026'!$G$5:$G$68,MATCH(E5,'MYS 2026'!$C$5:$C$68,0)), IF(OR(F3="JULIO",F3="AGOSTO",F3="SEPTIEMBRE",F3="OCTUBRE",F3="NOVIEMBRE",F3="DICIEMBRE"), INDEX('MYS 2026'!$I$5:$I$68,MATCH(E5,'MYS 2026'!$C$5:$C$68,0)), IF(F3="ANUAL", 0, IF(F3="SEMESTRE 1", INDEX('MYS 2026'!$G$5:$G$68,MATCH(E5,'MYS 2026'!$C$5:$C$68,0)), IF(F3="SEMESTRE 2", INDEX('MYS 2026'!$I$5:$I$68,MATCH(E5,'MYS 2026'!$C$5:$C$68,0)), IF(F3="ACUMULADO MES", IF(OR(G3="ENERO",G3="FEBRERO",G3="MARZO",G3="ABRIL",G3="MAYO",G3="JUNIO"), INDEX('MYS 2026'!$G$5:$G$68,MATCH(E5,'MYS 2026'!$C$5:$C$68,0)), INDEX('MYS 2026'!$I$5:$I$68,MATCH(E5,'MYS 2026'!$C$5:$C$68,0))), "")))))), "") -> 1
F24: Ventas BPS / MN Necesarias para alcanzar penetración | G24: =IFERROR(IF(OR(G15=0, ISBLANK(G15)), 4 * G13, MAX(0, 4 * (G13 - 1.25 * G15))),0) -> 0 | I24: =IFERROR(IF(OR(I15=0, ISBLANK(I15)), 4 * I13, MAX(0, 4 * (I13 - 1.25 * I15))),0) -> 0
G26: 18% ≤ x < 22% | H26: 22% ≤ x < 27% | I26: 27% ≤ x < 32% | J26: x ≥ 32%
F27: Ventas Origen Remarkting necesarias para alcanzar porcentaje | G27: =IFERROR( IF( (G17 / G12) >= 0.18, 0, ROUNDUP((0.18 * G12 - G17) / (1 - 0.18), 0) ), 0 ) -> 0 | H27: =IFERROR(IF(OR(G12<=0, G17/G12>=0.22), 0, ROUNDUP(0.22*G12-G17, 0)), 0) -> 0 | I27: =IFERROR(IF(OR(G12<=0, G17/G12>=0.27), 0, ROUNDUP(0.27*G12-G17, 0)), 0) -> 1 | J27: =IFERROR(IF(OR(G12<=0, G17/G12>=0.32), 0, ROUNDUP(0.32*G12-G17, 0)), 0) -> 13
G28: 15% ≤ x < 20% | H28: 20% ≤ x < 25% | I28: 25% ≤ x < 30% | J28: x ≥ 30%
G29: 15% ≤ x < 20% | H29: 20% ≤ x < 25% | I29: 25% ≤ x < 30% | J29: x ≥ 30%
G30: =IFERROR(IF(OR(I12<=0, I17/I12>=0.15), 0, ROUNDUP(0.15*I12-I17, 0)), 0) -> 0 | H30: =IFERROR(IF(OR(I12<=0, I17/I12>=0.2), 0, ROUNDUP(0.2*I12-I17, 0)), 0) -> 0 | I30: =IFERROR(IF(OR(I12<=0, I17/I12>=0.25), 0, ROUNDUP(0.25*I12-I17, 0)), 0) -> 0 | J30: =IFERROR(IF(OR(I12<=0, I17/I12>=0.3), 0, ROUNDUP(0.3*I12-I17, 0)), 0) -> 0
F32: Ventas BEV Necesarias para alcanzar acelerador | G32: 6% ≤ x < 11% | H32: x ≥ 11% | I32: 10% ≤ x < 15% | J32: x ≥ 15%
G33: =IFERROR( IF((G19 /G12) >= 0.06, 0, ROUNDUP((0.05 *G12 - G19) / (1 - 0.06), 0) ), 0 ) -> 0 | H33: =IFERROR( IF((G19 /G12) >= 0.11, 0, ROUNDUP((0.1 *G12 - G19) / (1 - 0.11), 0) ), 0 ) -> 0 | I33: =IFERROR( IF((I19 /I12) >= 0.1, 0, ROUNDUP((0.05 *I12 - I19) / (1 - 0.1), 0) ), 0 ) -> 0 | J33: =IFERROR( IF((I19 /I12) >= 0.15, 0, ROUNDUP((0.1 *I12 - I19) / (1 - 0.15), 0) ), 0 ) -> 0
F35: =IF(O4=TRUE,"","Mercado <6 años") | G35: {=IF(O4=TRUE,"",IFERROR(IF(OR(F3="Acumulado Mes", F3="Acumulado Mes 2º S"), SUMPRODUCT(INDEX('PENETRACION MERCADO VO BMW'!$F$4:$BH$67, MATCH(E5, 'PENETRACION MERCADO VO BMW'!$C$4:$C$67, 0), IF(F3="Acumulado Mes 2º S", {20;23;26;29;32;35}-1, {2;5;8;11;14;17;20;23;26;29;32;35}-1)), IF(F3="Acumulado Mes 2º S", CHOOSE(MATCH(G3, {"JULIO";"AGOSTO";"SEPTIEMBRE";"OCTUBRE";"NOVIEMBRE";"DICIEMBRE"}, 0), {1;0;0;0;0;0}, {1;1;0;0;0;0}, {1;1;1;0;0;0}, {1;1;1;1;0;0}, {1;1;1;1;1;0}, {1;1;1;1;1;1}), CHOOSE(MATCH(G3, {"ENERO";"FEBRERO";"MARZO";"ABRIL";"MAYO";"JUNIO";"JULIO";"AGOSTO";"SEPTIEMBRE";"OCTUBRE";"NOVIEMBRE";"DICIEMBRE"}, 0), {1;0;0;0;0;0;0;0;0;0;0;0}, {1;1;0;0;0;0;0;0;0;0;0;0}, {1;1;1;0;0;0;0;0;0;0;0;0}, {1;1;1;1;0;0;0;0;0;0;0;0}, {1;1;1;1;1;0;0;0;0;0;0;0}, {1;1;1;1;1;1;0;0;0;0;0;0}, {1;1;1;1;1;1;1;0;0;0;0;0}, {1;1;1;1;1;1;1;1;0;0;0;0}, {1;1;1;1;1;1;1;1;1;0;0;0}, {1;1;1;1;1;1;1;1;1;1;0;0}, {1;1;1;1;1;1;1;1;1;1;1;0}, {1;1;1;1;1;1;1;1;1;1;1;1}))), INDEX('PENETRACION MERCADO VO BMW'!$F$4:$BH$67, MATCH(E5, 'PENETRACION MERCADO VO BMW'!$C$4:$C$67, 0), CHOOSE(MATCH(F3, {"ENERO";"FEBRERO";"MARZO";"ABRIL";"MAYO";"JUNIO";"JULIO";"AGOSTO";"SEPTIEMBRE";"OCTUBRE";"NOVIEMBRE";"DICIEMBRE";"ANUAL";"SEMESTRE 1";"SEMESTRE 2"}, 0), 2,5,8,11,14,17,20,23,26,29,32,35,41,51,54)-1)), "No encontrado"))} | I35: {=IF(O4=TRUE,"",IFERROR(IF(OR(F3="Acumulado Mes", F3="Acumulado Mes 2º S"), SUMPRODUCT(INDEX('PENETRACION MCDO VO MINI'!$F$4:$BH$64, MATCH(E5, 'PENETRACION MCDO VO MINI'!$C$4:$C$64, 0), IF(F3="Acumulado Mes 2º S", {20;23;26;29;32;35}-1, {2;5;8;11;14;17;20;23;26;29;32;35}-1)), IF(F3="Acumulado Mes 2º S", CHOOSE(MATCH($G$3, {"JULIO";"AGOSTO";"SEPTIEMBRE";"OCTUBRE";"NOVIEMBRE";"DICIEMBRE"}, 0), {1;0;0;0;0;0}, {1;1;0;0;0;0}, {1;1;1;0;0;0}, {1;1;1;1;0;0}, {1;1;1;1;1;0}, {1;1;1;1;1;1}), CHOOSE(MATCH($G$3, {"ENERO";"FEBRERO";"MARZO";"ABRIL";"MAYO";"JUNIO";"JULIO";"AGOSTO";"SEPTIEMBRE";"OCTUBRE";"NOVIEMBRE";"DICIEMBRE"}, 0), {1;0;0;0;0;0;0;0;0;0;0;0}, {1;1;0;0;0;0;0;0;0;0;0;0}, {1;1;1;0;0;0;0;0;0;0;0;0}, {1;1;1;1;0;0;0;0;0;0;0;0}, {1;1;1;1;1;0;0;0;0;0;0;0}, {1;1;1;1;1;1;0;0;0;0;0;0}, {1;1;1;1;1;1;1;0;0;0;0;0}, {1;1;1;1;1;1;1;1;0;0;0;0}, {1;1;1;1;1;1;1;1;1;0;0;0}, {1;1;1;1;1;1;1;1;1;1;0;0}, {1;1;1;1;1;1;1;1;1;1;1;0}, {1;1;1;1;1;1;1;1;1;1;1;1}))), INDEX('PENETRACION MCDO VO MINI'!$F$4:$BH$64, MATCH(E5, 'PENETRACION MCDO VO MINI'!$C$4:$C$64, 0), CHOOSE(MATCH(F3, {"ENERO";"FEBRERO";"MARZO";"ABRIL";"MAYO";"JUNIO";"JULIO";"AGOSTO";"SEPTIEMBRE";"OCTUBRE";"NOVIEMBRE";"DICIEMBRE";"ANUAL";"SEMESTRE 1";"SEMESTRE 2"}, 0), 2,5,8,11,14,17,20,23,26,29,32,35,41,51,54)-1)), "No encontrado"))} | L35: =IF(E5="BYMYCAR MADRID","BYMYCAR DIRECTO","") -> BYMYCAR DIRECTO | N35: {=IF(E5<>"BYMYCAR MADRID","", IFERROR(IF(OR(F3="Acumulado Mes", F3="Acumulado Mes 2º S"), SUMPRODUCT(INDEX('UC BMW 2026 BPS'!$F$69:$DH$69, 1, IF(F3="Acumulado Mes 2º S", {38,44,50,56,62,68}, {2,8,14,20,26,32,38,44,50,56,62,68})), IF(F3="Acumulado Mes 2º S", CHOOSE(MATCH($G$3, {"JULIO";"AGOSTO";"SEPTIEMBRE";"OCTUBRE";"NOVIEMBRE";"DICIEMBRE"}, 0), {1,0,0,0,0,0}, {1,1,0,0,0,0}, {1,1,1,0,0,0}, {1,1,1,1,0,0}, {1,1,1,1,1,0}, {1,1,1,1,1,1}), CHOOSE(MATCH($G$3, {"ENERO";"FEBRERO";"MARZO";"ABRIL";"MAYO";"JUNIO";"JULIO";"AGOSTO";"SEPTIEMBRE";"OCTUBRE";"NOVIEMBRE";"DICIEMBRE"}, 0), {1,0,0,0,0,0,0,0,0,0,0,0}, {1,1,0,0,0,0,0,0,0,0,0,0}, {1,1,1,0,0,0,0,0,0,0,0,0}, {1,1,1,1,0,0,0,0,0,0,0,0}, {1,1,1,1,1,0,0,0,0,0,0,0}, {1,1,1,1,1,1,0,0,0,0,0,0}, {1,1,1,1,1,1,1,0,0,0,0,0}, {1,1,1,1,1,1,1,1,0,0,0,0}, {1,1,1,1,1,1,1,1,1,0,0,0}, {1,1,1,1,1,1,1,1,1,1,0,0}, {1,1,1,1,1,1,1,1,1,1,1,0}, {1,1,1,1,1,1,1,1,1,1,1,1}))), INDEX('UC BMW 2026 BPS'!$F$69:$DH$69, 1, CHOOSE(MATCH(F3, {"ENERO";"FEBRERO";"MARZO";"ABRIL";"MAYO";"JUNIO";"JULIO";"AGOSTO";"SEPTIEMBRE";"OCTUBRE";"NOVIEMBRE";"DICIEMBRE";"ANUAL";"SEMESTRE 1";"SEMESTRE 2"}, 0), 2, 8, 14, 20, 26, 32, 38, 44, 50, 56, 62, 68, 81, 95, 102))), "No encontrado"))} -> 139 | O35: {=IF(E5<>"BYMYCAR MADRID","", IFERROR(IF(OR(F3="Acumulado Mes", F3="Acumulado Mes 2º S"), SUMPRODUCT(INDEX('UC MINI 2026 MINI NEXT'!$F$65:$DT$65, 1, IF(F3="Acumulado Mes 2º S", {44,51,58,65,72,79}, {2,9,16,23,30,37,44,51,58,65,72,79})), IF(F3="Acumulado Mes 2º S", CHOOSE(MATCH($G$3, {"JULIO";"AGOSTO";"SEPTIEMBRE";"OCTUBRE";"NOVIEMBRE";"DICIEMBRE"}, 0), {1,0,0,0,0,0}, {1,1,0,0,0,0}, {1,1,1,0,0,0}, {1,1,1,1,0,0}, {1,1,1,1,1,0}, {1,1,1,1,1,1}), CHOOSE(MATCH($G$3, {"ENERO";"FEBRERO";"MARZO";"ABRIL";"MAYO";"JUNIO";"JULIO";"AGOSTO";"SEPTIEMBRE";"OCTUBRE";"NOVIEMBRE";"DICIEMBRE"}, 0), {1,0,0,0,0,0,0,0,0,0,0,0}, {1,1,0,0,0,0,0,0,0,0,0,0}, {1,1,1,0,0,0,0,0,0,0,0,0}, {1,1,1,1,0,0,0,0,0,0,0,0}, {1,1,1,1,1,0,0,0,0,0,0,0}, {1,1,1,1,1,1,0,0,0,0,0,0}, {1,1,1,1,1,1,1,0,0,0,0,0}, {1,1,1,1,1,1,1,1,0,0,0,0}, {1,1,1,1,1,1,1,1,1,0,0,0}, {1,1,1,1,1,1,1,1,1,1,0,0}, {1,1,1,1,1,1,1,1,1,1,1,0}, {1,1,1,1,1,1,1,1,1,1,1,1}))), INDEX('UC MINI 2026 MINI NEXT'!$F$65:$DT$65, 1, CHOOSE(MATCH(F3, {"ENERO";"FEBRERO";"MARZO";"ABRIL";"MAYO";"JUNIO";"JULIO";"AGOSTO";"SEPTIEMBRE";"OCTUBRE";"NOVIEMBRE";"DICIEMBRE";"ANUAL";"SEMESTRE 1";"SEMESTRE 2"}, 0), 2, 9, 16, 23, 30, 37, 44, 51, 58, 65, 72, 79, 93, 107, 114))), "No encontrado"))} -> 36
F36: =IF(O4=TRUE,"","% Penetracion") | G36: =IF(O4=TRUE,"",G13/G35) | I36: =IF(O4=TRUE,"",I13/I35)
F37: =IF(O4=TRUE,"","% Penetracion TOP 10") | G37: {=IF(O4=TRUE,"",'PENETRACION MERCADO VO BMW'!BR31:BR31)} | I37: =IF(O4=TRUE,"",'PENETRACION MCDO VO MINI'!BS32)
G49: =IFERROR((G13-G12)/G12,0) -> 0.248
F50: Variacion % Objetivo vs Realizado BMW | G50: =IFERROR((I13-I12)/I12,0) -> 0.42666667
F51: Variacion % Objetivo vs Realizado MINI
D52: =+B52 -> 0
D53: =+B53 -> 0
D54: =+B54 -> 0
D55: =+B55 -> 0
D56: =+B56 -> 0
D57: =+B57 -> 0
D58: =+B58 -> 0
D59: =+B59 -> 0
D60: =+B60 -> 0
D61: =+B61 -> 0
D62: =+B62 -> 0
D63: =+B63 -> 0
... D85: =+B85 -> 0
D86: =+#REF! -> #REF!
D87: =+B86 -> 0
D88: =+B87 -> 0
D89: =+B88 -> 0
D90: =+#REF! -> #REF!
D91: =+B91 -> 0
D92: =+B89 -> 0
D93: =+B93 -> 0
D94: =+B90 -> 0

Sheet UC BMW 2026
A1: S E G U I M I E N T O UC R E T A I L B M W 2 0 2 6
A2: «' | F2: 8 | H2: 10 | J2: 12 | L2: 16 | N2: 18 | P2: 20 | R2: 24 | T2: 26 | V2: 28 | X2: 32 | Z2: 34 | AB2: 36 | AD2: JUNIO
B3: NUM. | C3: CONCESIONARIO | D3: GRUPO PROPIETARIO | F3: ENERO | H3: FEBRERO | J3: MARZO | L3: ABRIL | N3: MAYO | P3: JUNIO | R3: JULIO | T3: AGOSTO | V3: SEPT. | X3: OCTU | Z3: NOVBRE | AB3: DICIEM. | AD3: ACUMULADO MES | AG3: ACUM. ANUAL | AJ3: Q1 | AM3: S 2
F4: OBJ | G4: RE | H4: OBJ | I4: RE | J4: OBJ | K4: RE | L4: OBJ | M4: RE | N4: OBJ | O4: RE | P4: OBJ | Q4: RE | R4: OBJ | S4: RE | T4: OBJ | U4: RE | V4: OBJ | W4: RE | X4: OBJ | Y4: RE | Z4: OBJ | AA4: RE | AB4: OBJ | AC4: RE | AD4: OBJ | AE4: RE | AF4: % | AG4: OBJ | AH4: RE | AI4: % | AJ4: OBJ | AK4: RE | AL4: % | AM4: OBJ | AN4: RE | AO4: %
A5: 1 | B5: 100323 | C5: CAETANO CUZCO | D5: 8337 | E5: Grupo Caetano | F5: 38 | G5: =IFERROR(VLOOKUP(B5,[2]RETAIL!$B$8:$O$63,3,0),0)-IFERROR(IF(B5=100873,VLOOKUP("ENERO",[2]RETAIL!$B$78:$C$91,2,0),0),0) -> 39 | H5: 38 | I5: =IFERROR(VLOOKUP(B5,[2]RETAIL!$B$8:$O$63,4,0),0)-IFERROR(IF(B5=100873,VLOOKUP("FEBRERO",[2]RETAIL!$B$78:$C$91,2,0),0),0) -> 42 | J5: 39 | K5: =IFERROR(VLOOKUP(B5,[2]RETAIL!$B$8:$O$63,5,0),0)-IFERROR(IF(B5=100873,VLOOKUP("MARZO",[2]RETAIL!$B$78:$C$91,2,0),0),0) -> 42 | L5: 38 | M5: =IFERROR(VLOOKUP(B5,[2]RETAIL!$B$8:$O$63,6,0),0)-IFERROR(IF(B5=100873,VLOOKUP("ABRIL",[2]RETAIL!$B$78:$C$91,2,0),0),0) -> 34 | N5: 38 | O5: =IFERROR(VLOOKUP(B5,[2]RETAIL!$B$8:$O$63,7,0),0)-IFERROR(IF(B5=100873,VLOOKUP("MAYO",[2]RETAIL!$B$78:$C$91,2,0),0),0) -> 34 | P5: 39 | Q5: =IFERROR(VLOOKUP(B5,[2]RETAIL!$B$8:$O$63,8,0),0)-IFERROR(IF(B5=100873,VLOOKUP("JUNIO",[2]RETAIL!$B$78:$C$91,2,0),0),0) -> 39 | S5: =IFERROR(VLOOKUP(B5,[2]RETAIL!$B$8:$O$63,9,0),0)-IFERROR(IF(B5=100873,VLOOKUP("JULIO",[2]RETAIL!$B$78:$C$91,2,0),0),0) -> 0 | U5: =IFERROR(VLOOKUP(B5,[2]RETAIL!$B$8:$O$63,10,0),0)-IFERROR(IF(B5=100873,VLOOKUP("AGOSTO",[2]RETAIL!$B$78:$C$91,2,0),0),0) -> 0 | W5: =IFERROR(VLOOKUP(B5,[2]RETAIL!$B$8:$O$63,11,0),0)-IFERROR(IF(B5=100873,VLOOKUP("SEPTIEMBRE",[2]RETAIL!$B$78:$C$91,2,0),0),0) -> 0 | Y5: =IFERROR(VLOOKUP(B5,[2]RETAIL!$B$8:$O$63,12,0),0)-IFERROR(IF(B5=100873,VLOOKUP("OCTUBRE",[2]RETAIL!$B$78:$C$91,2,0),0),0) -> 0 | AA5: =IFERROR(VLOOKUP(B5,[2]RETAIL!$B$8:$O$63,13,0),0)-IFERROR(IF(B5=100873,VLOOKUP("NOVIEMBRE",[2]RETAIL!$B$78:$C$91,2,0),0),0) -> 0 | AC5: =IFERROR(VLOOKUP(B5,[2]RETAIL!$B$8:$O$63,14,0),0)-IFERROR(IF(B5=100873,VLOOKUP("DICIEMBRE",[2]RETAIL!$B$78:$C$91,2,0),0),0) -> 0 | AD5: =IF($AD$2="ENERO",F5,IF($AD$2="FEBRERO",F5+H5,IF($AD$2="MARZO",F5+H5+J5,IF($AD$2="ABRIL",F5+H5+J5+L5,IF($AD$2="MAYO",F5+H5+J5+L5+N5,IF($AD$2="JUNIO",F5+H5+J5+L5+N5+P5,IF($AD$2="JULIO",F5+H5+J5+L5+N5+P5+R5,IF($AD$2="AGOSTO",F5+H5+J5+L5+N5+P5+R5+T5,IF($AD$2="SEPTIEMBRE",F5+H5+J5+L5+N5+P5+R5+T5+V5,IF($AD$2="OCTUBRE",F5+H5+J5+L5+N5+P5+R5+T5+V5+X5,IF($AD$2="NOVIEMBRE",F5+H5+J5+L5+N5+P5+R5+T5+V5+X5+Z5,IF($AD$2="DICIEMBRE",F5+H5+J5+L5+N5+P5+R5+T5+V5+X5+Z5+AB5,"")))))))))))) -> 230 | AE5: =IFERROR(IF($AD$2="ENERO",G5,IF($AD$2="FEBRERO",G5+I5,IF($AD$2="MARZO",G5+I5+K5,IF($AD$2="ABRIL",G5+I5+K5+M5,IF($AD$2="MAYO",G5+I5+K5+M5+O5,IF($AD$2="JUNIO",G5+I5+K5+M5+O5+Q5,IF($AD$2="JULIO",G5+I5+K5+M5+O5+Q5+S5,IF($AD$2="AGOSTO",G5+I5+K5+M5+O5+Q5+S5+U5,IF($AD$2="SEPTIEMBRE",G5+I5+K5+M5+O5+Q5+S5+U5+W5,IF($AD$2="OCTUBRE",G5+I5+K5+M5+O5+Q5+S5+U5+W5+Y5,IF($AD$2="NOVIEMBRE",G5+I5+K5+M5+O5+Q5+S5+U5+W5+Y5+AA5,IF($AD$2="DICIEMBRE",G5+I5+K5+M5+O5+Q5+S5+U5+W5+Y5+AA5+AC5,"")))))))))))),0) -> 230 | AF5: =IFERROR((AE5/AD5),0) -> 1 | AG5: =+F5+H5+J5+L5+N5+P5+R5+T5+V5+X5+Z5+AB5 -> 230 | AH5: =IFERROR(IF($AD$2="ENERO",G5,IF($AD$2="FEBRERO",G5+I5,IF($AD$2="MARZO",G5+I5+K5,IF($AD$2="ABRIL",G5+I5+K5+M5,IF($AD$2="MAYO",G5+I5+K5+M5+O5,IF($AD$2="JUNIO",G5+I5+K5+M5+O5+Q5,IF($AD$2="JULIO",G5+I5+K5+M5+O5+Q5+S5,IF($AD$2="AGOSTO",G5+I5+K5+M5+O5+Q5+S5+U5,IF($AD$2="SEPTIEMBRE",G5+I5+K5+M5+O5+Q5+S5+U5+W5,IF($AD$2="OCTUBRE",G5+I5+K5+M5+O5+Q5+S5+U5+W5+Y5,IF($AD$2="NOVIEMBRE",G5+I5+K5+M5+O5+Q5+S5+U5+W5+Y5+AA5,IF($AD$2="DICIEMBRE",G5+I5+K5+M5+O5+Q5+S5+U5+W5+Y5+AA5+AC5,"")))))))))))),0) -> 230 | AI5: =IFERROR((AH5/AG5),0) -> 1 | AJ5: =IFERROR(IF($AJ$3="Q1",F5+H5+J5,IF($AJ$3="Q2",L5+N5++P5,IF($AJ$3="Q3",R5+T5+V5,IF($AJ$3="Q4",X5+Z5+AB5,0)))),0) -> 115 | AK5: =IFERROR(IF($AJ$3="Q1",G5+I5+K5,IF($AJ$3="Q2",M5+O5++Q5,IF($AJ$3="Q3",S5+U5+W5,IF($AJ$3="Q4",Y5+AA5+AC5,0)))),0) -> 123 | AL5: =IFERROR((AK5/AJ5),0) -> 1.0695652 | AM5: =IFERROR(IF($AM$3="S 1",F5+H5+J5+L5+N5++P5,IF($AM$3="S 2",R5+T5+V5+X5+Z5+AB5,0)),0) -> 0 | AN5: =IFERROR(IF($AM$3="S 1",G5+I5+K5+M5+O5+Q5,IF($AM$3="S 2",S5+U5+W5+Y5+AA5+AC5,0)),0) -> 0 | AO5: =IFERROR((AN5/AM5),0) -> 0
A6: 1 | B6: 100873 | C6: BYMYCAR MADRID | D6: 51827 | E6: Grupo BYmyCAR | F6: 41 | G6: =IFERROR(VLOOKUP(B6,[2]RETAIL!$B$8:$O$63,3,0),0)-IFERROR(IF(B6=100873,VLOOKUP("ENERO",[2]RETAIL!$B$78:$C$91,2,0),0),0) -> 36 | H6: 42 | I6: =IFERROR(VLOOKUP(B6,[2]RETAIL!$B$8:$O$63,4,0),0)-IFERROR(IF(B6=100873,VLOOKUP("FEBRERO",[2]RETAIL!$B$78:$C$91,2,0),0),0) -> 49 | J6: 42 | K6: =IFERROR(VLOOKUP(B6,[2]RETAIL!$B$8:$O$63,5,0),0)-IFERROR(IF(B6=100873,VLOOKUP("MARZO",[2]RETAIL!$B$78:$C$91,2,0),0),0) -> 66 | L6: 41 | M6: =IFERROR(VLOOKUP(B6,[2]RETAIL!$B$8:$O$63,6,0),0)-IFERROR(IF(B6=100873,VLOOKUP("ABRIL",[2]RETAIL!$B$78:$C$91,2,0),0),0) -> 51 | N6: 42 | O6: =IFERROR(VLOOKUP(B6,[2]RETAIL!$B$8:$O$63,7,0),0)-IFERROR(IF(B6=100873,VLOOKUP("MAYO",[2]RETAIL!$B$78:$C$91,2,0),0),0) -> 53 | P6: 42 | Q6: =IFERROR(VLOOKUP(B6,[2]RETAIL!$B$8:$O$63,8,0),0)-IFERROR(IF(B6=100873,VLOOKUP("JUNIO",[2]RETAIL!$B$78:$C$91,2,0),0),0) -> 57 | S6: =IFERROR(VLOOKUP(B6,[2]RETAIL!$B$8:$O$63,9,0),0)-IFERROR(IF(B6=100873,VLOOKUP("JULIO",[2]RETAIL!$B$78:$C$91,2,0),0),0) -> 0 | U6: =IFERROR(VLOOKUP(B6,[2]RETAIL!$B$8:$O$63,10,0),0)-IFERROR(IF(B6=100873,VLOOKUP("AGOSTO",[2]RETAIL!$B$78:$C$91,2,0),0),0) -> 0 | W6: =IFERROR(VLOOKUP(B6,[2]RETAIL!$B$8:$O$63,11,0),0)-IFERROR(IF(B6=100873,VLOOKUP("SEPTIEMBRE",[2]RETAIL!$B$78:$C$91,2,0),0),0) -> 0 | Y6: =IFERROR(VLOOKUP(B6,[2]RETAIL!$B$8:$O$63,12,0),0)-IFERROR(IF(B6=100873,VLOOKUP("OCTUBRE",[2]RETAIL!$B$78:$C$91,2,0),0),0) -> 0 | AA6: =IFERROR(VLOOKUP(B6,[2]RETAIL!$B$8:$O$63,13,0),0)-IFERROR(IF(B6=100873,VLOOKUP("NOVIEMBRE",[2]RETAIL!$B$78:$C$91,2,0),0),0) -> 0 | AC6: =IFERROR(VLOOKUP(B6,[2]RETAIL!$B$8:$O$63,14,0),0)-IFERROR(IF(B6=100873,VLOOKUP("DICIEMBRE",[2]RETAIL!$B$78:$C$91,2,0),0),0) -> 0 | AD6: =IF($AD$2="ENERO",F6,IF($AD$2="FEBRERO",F6+H6,IF($AD$2="MARZO",F6+H6+J6,IF($AD$2="ABRIL",F6+H6+J6+L6,IF($AD$2="MAYO",F6+H6+J6+L6+N6,IF($AD$2="JUNIO",F6+H6+J6+L6+N6+P6,IF($AD$2="JULIO",F6+H6+J6+L6+N6+P6+R6,IF($AD$2="AGOSTO",F6+H6+J6+L6+N6+P6+R6+T6,IF($AD$2="SEPTIEMBRE",F6+H6+J6+L6+N6+P6+R6+T6+V6,IF($AD$2="OCTUBRE",F6+H6+J6+L6+N6+P6+R6+T6+V6+X6,IF($AD$2="NOVIEMBRE",F6+H6+J6+L6+N6+P6+R6+T6+V6+X6+Z6,IF($AD$2="DICIEMBRE",F6+H6+J6+L6+N6+P6+R6+T6+V6+X6+Z6+AB6,"")))))))))))) -> 250 | AE6: =IFERROR(IF($AD$2="ENERO",G6,IF($AD$2="FEBRERO",G6+I6,IF($AD$2="MARZO",G6+I6+K6,IF($AD$2="ABRIL",G6+I6+K6+M6,IF($AD$2="MAYO",G6+I6+K6+M6+O6,IF($AD$2="JUNIO",G6+I6+K6+M6+O6+Q6,IF($AD$2="JULIO",G6+I6+K6+M6+O6+Q6+S6,IF($AD$2="AGOSTO",G6+I6+K6+M6+O6+Q6+S6+U6,IF($AD$2="SEPTIEMBRE",G6+I6+K6+M6+O6+Q6+S6+U6+W6,IF($AD$2="OCTUBRE",G6+I6+K6+M6+O6+Q6+S6+U6+W6+Y6,IF($AD$2="NOVIEMBRE",G6+I6+K6+M6+O6+Q6+S6+U6+W6+Y6+AA6,IF($AD$2="DICIEMBRE",G6+I6+K6+M6+O6+Q6+S6+U6+W6+Y6+AA6+AC6,"")))))))))))),0) -> 312 | AF6: =IFERROR((AE6/AD6),0) -> 1.248 | AG6: =+F6+H6+J6+L6+N6+P6+R6+T6+V6+X6+Z6+AB6 -> 250 | AH6: =IFERROR(IF($AD$2="ENERO",G6,IF($AD$2="FEBRERO",G6+I6,IF($AD$2="MARZO",G6+I6+K6,IF($AD$2="ABRIL",G6+I6+K6+M6,IF($AD$2="MAYO",G6+I6+K6+M6+O6,IF($AD$2="JUNIO",G6+I6+K6+M6+O6+Q6,IF($AD$2="JULIO",G6+I6+K6+M6+O6+Q6+S6,IF($AD$2="AGOSTO",G6+I6+K6+M6+O6+Q6+S6+U6,IF($AD$2="SEPTIEMBRE",G6+I6+K6+M6+O6+Q6+S6+U6+W6,IF($AD$2="OCTUBRE",G6+I6+K6+M6+O6+Q6+S6+U6+W6+Y6,IF($AD$2="NOVIEMBRE",G6+I6+K6+M6+O6+Q6+S6+U6+W6+Y6+AA6,IF($AD$2="DICIEMBRE",G6+I6+K6+M6+O6+Q6+S6+U6+W6+Y6+AA6+AC6,"")))))))))))),0) -> 312 | AI6: =IFERROR((AH6/AG6),0) -> 1.248 | AJ6: =IFERROR(IF($AJ$3="Q1",F6+H6+J6,IF($AJ$3="Q2",L6+N6++P6,IF($AJ$3="Q3",R6+T6+V6,IF($AJ$3="Q4",X6+Z6+AB6,0)))),0) -> 125 | AK6: =IFERROR(IF($AJ$3="Q1",G6+I6+K6,IF($AJ$3="Q2",M6+O6++Q6,IF($AJ$3="Q3",S6+U6+W6,IF($AJ$3="Q4",Y6+AA6+AC6,0)))),0) -> 151 | AL6: =IFERROR((AK6/AJ6),0) -> 1.208 | AM6: =IFERROR(IF($AM$3="S 1",F6+H6+J6+L6+N6++P6,IF($AM$3="S 2",R6+T6+V6+X6+Z6+AB6,0)),0) -> 0 | AN6: =IFERROR(IF($AM$3="S 1",G6+I6+K6+M6+O6+Q6,IF($AM$3="S 2",S6+U6+W6+Y6+AA6+AC6,0)),0) -> 0 | AO6: =IFERROR((AN6/AM6),0) -> 0
A7: 1 | B7: 100389 | C7: CANAAUTO | D7: 20822 | E7: Canaauto | F7: 22 | G7: =IFERROR(VLOOKUP(B7,[2]RETAIL!$B$8:$O$63,3,0),0)-IFERROR(IF(B7=100873,VLOOKUP("ENERO",[2]RETAIL!$B$78:$C$91,2,0),0),0) -> 4 | H7: 22 | I7: =IFERROR(VLOOKUP(B7,[2]RETAIL!$B$8:$O$63,4,0),0)-IFERROR(IF(B7=100873,VLOOKUP("FEBRERO",[2]RETAIL!$B$78:$C$91,2,0),0),0) -> 42 | J7: 22 | K7: =IFERROR(VLOOKUP(B7,[2]RETAIL!$B$8:$O$63,5,0),0)-IFERROR(IF(B7=100873,VLOOKUP("MARZO",[2]RETAIL!$B$78:$C$91,2,0),0),0) -> 25 | L7: 22 | M7: =IFERROR(VLOOKUP(B7,[2]RETAIL!$B$8:$O$63,6,0),0)-IFERROR(IF(B7=100873,VLOOKUP("ABRIL",[2]RETAIL!$B$78:$C$91,2,0),0),0) -> 18 | N7: 22 | O7: =IFERROR(VLOOKUP(B7,[2]RETAIL!$B$8:$O$63,7,0),0)-IFERROR(IF(B7=100873,VLOOKUP("MAYO",[2]RETAIL!$B$78:$C$91,2,0),0),0) -> 18 | P7: 22 | Q7: =IFERROR(VLOOKUP(B7,[2]RETAIL!$B$8:$O$63,8,0),0)-IFERROR(IF(B7=100873,VLOOKUP("JUNIO",[2]RETAIL!$B$78:$C$91,2,0),0),0) -> 32 | S7: =IFERROR(VLOOKUP(B7,[2]RETAIL!$B$8:$O$63,9,0),0)-IFERROR(IF(B7=100873,VLOOKUP("JULIO",[2]RETAIL!$B$78:$C$91,2,0),0),0) -> 0 | U7: =IFERROR(VLOOKUP(B7,[2]RETAIL!$B$8:$O$63,10,0),0)-IFERROR(IF(B7=100873,VLOOKUP("AGOSTO",[2]RETAIL!$B$78:$C$91,2,0),0),0) -> 0 | W7: =IFERROR(VLOOKUP(B7,[2]RETAIL!$B$8:$O$63,11,0),0)-IFERROR(IF(B7=100873,VLOOKUP("SEPTIEMBRE",[2]RETAIL!$B$78:$C$91,2,0),0),0) -> 0 | Y7: =IFERROR(VLOOKUP(B7,[2]RETAIL!$B$8:$O$63,12,0),0)-IFERROR(IF(B7=100873,VLOOKUP("OCTUBRE",[2]RETAIL!$B$78:$C$91,2,0),0),0) -> 0 | AA7: =IFERROR(VLOOKUP(B7,[2]RETAIL!$B$8:$O$63,13,0),0)-IFERROR(IF(B7=100873,VLOOKUP("NOVIEMBRE",[2]RETAIL!$B$78:$C$91,2,0),0),0) -> 0 | AC7: =IFERROR(VLOOKUP(B7,[2]RETAIL!$B$8:$O$63,14,0),0)-IFERROR(IF(B7=100873,VLOOKUP("DICIEMBRE",[2]RETAIL!$B$78:$C$91,2,0),0),0) -> 0 | AD7: =IF($AD$2="ENERO",F7,IF($AD$2="FEBRERO",F7+H7,IF($AD$2="MARZO",F7+H7+J7,IF($AD$2="ABRIL",F7+H7+J7+L7,IF($AD$2="MAYO",F7+H7+J7+L7+N7,IF($AD$2="JUNIO",F7+H7+J7+L7+N7+P7,IF($AD$2="JULIO",F7+H7+J7+L7+N7+P7+R7,IF($AD$2="AGOSTO",F7+H7+J7+L7+N7+P7+R7+T7,IF($AD$2="SEPTIEMBRE",F7+H7+J7+L7+N7+P7+R7+T7+V7,IF($AD$2="OCTUBRE",F7+H7+J7+L7+N7+P7+R7+T7+V7+X7,IF($AD$2="NOVIEMBRE",F7+H7+J7+L7+N7+P7+R7+T7+V7+X7+Z7,IF($AD$2="DICIEMBRE",F7+H7+J7+L7+N7+P7+R7+T7+V7+X7+Z7+AB7,"")))))))))))) -> 132 | AE7: =IFERROR(IF($AD$2="ENERO",G7,IF($AD$2="FEBRERO",G7+I7,IF($AD$2="MARZO",G7+I7+K7,IF($AD$2="ABRIL",G7+I7+K7+M7,IF($AD$2="MAYO",G7+I7+K7+M7+O7,IF($AD$2="JUNIO",G7+I7+K7+M7+O7+Q7,IF($AD$2="JULIO",G7+I7+K7+M7+O7+Q7+S7,IF($AD$2="AGOSTO",G7+I7+K7+M7+O7+Q7+S7+U7,IF($AD$2="SEPTIEMBRE",G7+I7+K7+M7+O7+Q7+S7+U7+W7,IF($AD$2="OCTUBRE",G7+I7+K7+M7+O7+Q7+S7+U7+W7+Y7,IF($AD$2="NOVIEMBRE",G7+I7+K7+M7+O7+Q7+S7+U7+W7+Y7+AA7,IF($AD$2="DICIEMBRE",G7+I7+K7+M7+O7+Q7+S7+U7+W7+Y7+AA7+AC7,"")))))))))))),0) -> 139 | AF7: =IFERROR((AE7/AD7),0) -> 1.0530303 | AG7: =+F7+H7+J7+L7+N7+P7+R7+T7+V7+X7+Z7+AB7 -> 132 | AH7: =IFERROR(IF($AD$2="ENERO",G7,IF($AD$2="FEBRERO",G7+I7,IF($AD$2="MARZO",G7+I7+K7,IF($AD$2="ABRIL",G7+I7+K7+M7,IF($AD$2="MAYO",G7+I7+K7+M7+O7,IF($AD$2="JUNIO",G7+I7+K7+M7+O7+Q7,IF($AD$2="JULIO",G7+I7+K7+M7+O7+Q7+S7,IF($AD$2="AGOSTO",G7+I7+K7+M7+O7+Q7+S7+U7,IF($AD$2="SEPTIEMBRE",G7+I7+K7+M7+O7+Q7+S7+U7+W7,IF($AD$2="OCTUBRE",G7+I7+K7+M7+O7+Q7+S7+U7+W7+Y7,IF($AD$2="NOVIEMBRE",G7+I7+K7+M7+O7+Q7+S7+U7+W7+Y7+AA7,IF($AD$2="DICIEMBRE",G7+I7+K7+M7+O7+Q7+S7+U7+W7+Y7+AA7+AC7,"")))))))))))),0) -> 139 | AI7: =IFERROR((AH7/AG7),0) -> 1.0530303 | AJ7: =IFERROR(IF($AJ$3="Q1",F7+H7+J7,IF($AJ$3="Q2",L7+N7++P7,IF($AJ$3="Q3",R7+T7+V7,IF($AJ$3="Q4",X7+Z7+AB7,0)))),0) -> 66 | AK7: =IFERROR(IF($AJ$3="Q1",G7+I7+K7,IF($AJ$3="Q2",M7+O7++Q7,IF($AJ$3="Q3",S7+U7+W7,IF($AJ$3="Q4",Y7+AA7+AC7,0)))),0) -> 71 | AL7: =IFERROR((AK7/AJ7),0) -> 1.0757576 | AM7: =IFERROR(IF($AM$3="S 1",F7+H7+J7+L7+N7++P7,IF($AM$3="S 2",R7+T7+V7+X7+Z7+AB7,0)),0) -> 0 | AN7: =IFERROR(IF($AM$3="S 1",G7+I7+K7+M7+O7+Q7,IF($AM$3="S 2",S7+U7+W7+Y7+AA7+AC7,0)),0) -> 0 | AO7: =IFERROR((AN7/AM7),0) -> 0
A8: 1 | B8: 100738 | C8: MARMOTOR | D8: 40230 | E8: Marmotor | F8: 18 | G8: =IFERROR(VLOOKUP(B8,[2]RETAIL!$B$8:$O$63,3,0),0)-IFERROR(IF(B8=100873,VLOOKUP("ENERO",[2]RETAIL!$B$78:$C$91,2,0),0),0) -> 11 | H8: 19 | I8: =IFERROR(VLOOKUP(B8,[2]RETAIL!$B$8:$O$63,4,0),0)-IFERROR(IF(B8=100873,VLOOKUP("FEBRERO",[2]RETAIL!$B$78:$C$91,2,0),0),0) -> 7 | J8: 19 | K8: =IFERROR(VLOOKUP(B8,[2]RETAIL!$B$8:$O$63,5,0),0)-IFERROR(IF(B8=100873,VLOOKUP("MARZO",[2]RETAIL!$B$78:$C$91,2,0),0),0) -> 14 | L8: 18 | M8: =IFERROR(VLOOKUP(B8,[2]RETAIL!$B$8:$O$63,6,0),0)-IFERROR(IF(B8=100873,VLOOKUP("ABRIL",[2]RETAIL!$B$78:$C$91,2,0),0),0) -> 11 | N8: 19 | O8: =IFERROR(VLOOKUP(B8,[2]RETAIL!$B$8:$O$63,7,0),0)-IFERROR(IF(B8=100873,VLOOKUP("MAYO",[2]RETAIL!$B$78:$C$91,2,0),0),0) -> 12 | P8: 19 | Q8: =IFERROR(VLOOKUP(B8,[2]RETAIL!$B$8:$O$63,8,0),0)-IFERROR(IF(B8=100873,VLOOKUP("JUNIO",[2]RETAIL!$B$78:$C$91,2,0),0),0) -> 9 | S8: =IFERROR(VLOOKUP(B8,[2]RETAIL!$B$8:$O$63,9,0),0)-IFERROR(IF(B8=100873,VLOOKUP("JULIO",[2]RETAIL!$B$78:$C$91,2,0),0),0) -> 0 | U8: =IFERROR(VLOOKUP(B8,[2]RETAIL!$B$8:$O$63,10,0),0)-IFERROR(IF(B8=100873,VLOOKUP("AGOSTO",[2]RETAIL!$B$78:$C$91,2,0),0),0) -> 0 | W8: =IFERROR(VLOOKUP(B8,[2]RETAIL!$B$8:$O$63,11,0),0)-IFERROR(IF(B8=100873,VLOOKUP("SEPTIEMBRE",[2]RETAIL!$B$78:$C$91,2,0),0),0) -> 0 | Y8: =IFERROR(VLOOKUP(B8,[2]RETAIL!$B$8:$O$63,12,0),0)-IFERROR(IF(B8=100873,VLOOKUP("OCTUBRE",[2]RETAIL!$B$78:$C$91,2,0),0),0) -> 0 | AA8: =IFERROR(VLOOKUP(B8,[2]RETAIL!$B$8:$O$63,13,0),0)-IFERROR(IF(B8=100873,VLOOKUP("NOVIEMBRE",[2]RETAIL!$B$78:$C$91,2,0),0),0) -> 0 | AC8: =IFERROR(VLOOKUP(B8,[2]RETAIL!$B$8:$O$63,14,0),0)-IFERROR(IF(B8=100873,VLOOKUP("DICIEMBRE",[2]RETAIL!$B$78:$C$91,2,0),0),0) -> 0 | AD8: =IF($AD$2="ENERO",F8,IF($AD$2="FEBRERO",F8+H8,IF($AD$2="MARZO",F8+H8+J8,IF($AD$2="ABRIL",F8+H8+J8+L8,IF($AD$2="MAYO",F8+H8+J8+L8+N8,IF($AD$2="JUNIO",F8+H8+J8+L8+N8+P8,IF($AD$2="JULIO",F8+H8+J8+L8+N8+P8+R8,IF($AD$2="AGOSTO",F8+H8+J8+L8+N8+P8+R8+T8,IF($AD$2="SEPTIEMBRE",F8+H8+J8+L8+N8+P8+R8+T8+V8,IF($AD$2="OCTUBRE",F8+H8+J8+L8+N8+P8+R8+T8+V8+X8,IF($AD$2="NOVIEMBRE",F8+H8+J8+L8+N8+P8+R8+T8+V8+X8+Z8,IF($AD$2="DICIEMBRE",F8+H8+J8+L8+N8+P8+R8+T8+V8+X8+Z8+AB8,"")))))))))))) -> 112 | AE8: =IFERROR(IF($AD$2="ENERO",G8,IF($AD$2="FEBRERO",G8+I8,IF($AD$2="MARZO",G8+I8+K8,IF($AD$2="ABRIL",G8+I8+K8+M8,IF($AD$2="MAYO",G8+I8+K8+M8+O8,IF($AD$2="JUNIO",G8+I8+K8+M8+O8+Q8,IF($AD$2="JULIO",G8+I8+K8+M8+O8+Q8+S8,IF($AD$2="AGOSTO",G8+I8+K8+M8+O8+Q8+S8+U8,IF($AD$2="SEPTIEMBRE",G8+I8+K8+M8+O8+Q8+S8+U8+W8,IF($AD$2="OCTUBRE",G8+I8+K8+M8+O8+Q8+S8+U8+W8+Y8,IF($AD$2="NOVIEMBRE",G8+I8+K8+M8+O8+Q8+S8+U8+W8+Y8+AA8,IF($AD$2="DICIEMBRE",G8+I8+K8+M8+O8+Q8+S8+U8+W8+Y8+AA8+AC8,"")))))))))))),0) -> 64 | AF8: =IFERROR((AE8/AD8),0) -> 0.57142857 | AG8: =+F8+H8+J8+L8+N8+P8+R8+T8+V8+X8+Z8+AB8 -> 112 | AH8: =IFERROR(IF($AD$2="ENERO",G8,IF($AD$2="FEBRERO",G8+I8,IF($AD$2="MARZO",G8+I8+K8,IF($AD$2="ABRIL",G8+I8+K8+M8,IF($AD$2="MAYO",G8+I8+K8+M8+O8,IF($AD$2="JUNIO",G8+I8+K8+M8+O8+Q8,IF($AD$2="JULIO",G8+I8+K8+M8+O8+Q8+S8,IF($AD$2="AGOSTO",G8+I8+K8+M8+O8+Q8+S8+U8,IF($AD$2="SEPTIEMBRE",G8+I8+K8+M8+O8+Q8+S8+U8+W8,IF($AD$2="OCTUBRE",G8+I8+K8+M8+O8+Q8+S8+U8+W8+Y8,IF($AD$2="NOVIEMBRE",G8+I8+K8+M8+O8+Q8+S8+U8+W8+Y8+AA8,IF($AD$2="DICIEMBRE",G8+I8+K8+M8+O8+Q8+S8+U8+W8+Y8+AA8+AC8,"")))))))))))),0) -> 64 | AI8: =IFERROR((AH8/AG8),0) -> 0.57142857 | AJ8: =IFERROR(IF($AJ$3="Q1",F8+H8+J8,IF($AJ$3="Q2",L8+N8++P8,IF($AJ$3="Q3",R8+T8+V8,IF($AJ$3="Q4",X8+Z8+AB8,0)))),0) -> 56 | AK8: =IFERROR(IF($AJ$3="Q1",G8+I8+K8,IF($AJ$3="Q2",M8+O8++Q8,IF($AJ$3="Q3",S8+U8+W8,IF($AJ$3="Q4",Y8+AA8+AC8,0)))),0) -> 32 | AL8: =IFERROR((AK8/AJ8),0) -> 0.57142857 | AM8: =IFERROR(IF($AM$3="S 1",F8+H8+J8+L8+N8++P8,IF($AM$3="S 2",R8+T8+V8+X8+Z8+AB8,0)),0) -> 0 | AN8: =IFERROR(IF($AM$3="S 1",G8+I8+K8+M8+O8+Q8,IF($AM$3="S 2",S8+U8+W8+Y8+AA8+AC8,0)),0) -> 0 | AO8: =IFERROR((AN8/AM8),0) -> 0
B9: TOTAL DISTRITO 1 | F9: =SUM(F5:F8) -> 119 | G9: =SUM(G5:G8) -> 90 | H9: =SUM(H5:H8) -> 121 | I9: =SUM(I5:I8) -> 140 | J9: =SUM(J5:J8) -> 122 | K9: =SUM(K5:K8) -> 147 | L9: =SUM(L5:L8) -> 119 | M9: =SUM(M5:M8) -> 114 | ... AC9: =SUM(AC5:AC8) -> 0 | AD9: =IF($AD$2="ENERO",F9,IF($AD$2="FEBRERO",F9+H9,IF($AD$2="MARZO",F9+H9+J9,IF($AD$2="ABRIL",F9+H9+J9+L9,IF($AD$2="MAYO",F9+H9+J9+L9+N9,IF($AD$2="JUNIO",F9+H9+J9+L9+N9+P9,IF($AD$2="JULIO",F9+H9+J9+L9+N9+P9+R9,IF($AD$2="AGOSTO",F9+H9+J9+L9+N9+P9+R9+T9,IF($AD$2="SEPTIEMBRE",F9+H9+J9+L9+N9+P9+R9+T9+V9,IF($AD$2="OCTUBRE",F9+H9+J9+L9+N9+P9+R9+T9+V9+X9,IF($AD$2="NOVIEMBRE",F9+H9+J9+L9+N9+P9+R9+T9+V9+X9+Z9,IF($AD$2="DICIEMBRE",F9+H9+J9+L9+N9+P9+R9+T9+V9+X9+Z9+AB9,"")))))))))))) -> 724 | AE9: =IF($AD$2="ENERO",G9,IF($AD$2="FEBRERO",G9+I9,IF($AD$2="MARZO",G9+I9+K9,IF($AD$2="ABRIL",G9+I9+K9+M9,IF($AD$2="MAYO",G9+I9+K9+M9+O9,IF($AD$2="JUNIO",G9+I9+K9+M9+O9+Q9,IF($AD$2="JULIO",G9+I9+K9+M9+O9+Q9+S9,IF($AD$2="AGOSTO",G9+I9+K9+M9+O9+Q9+S9+U9,IF($AD$2="SEPTIEMBRE",G9+I9+K9+M9+O9+Q9+S9+U9+W9,IF($AD$2="OCTUBRE",G9+I9+K9+M9+O9+Q9+S9+U9+W9+Y9,IF($AD$2="NOVIEMBRE",G9+I9+K9+M9+O9+Q9+S9+U9+W9+Y9+AA9,IF($AD$2="DICIEMBRE",G9+I9+K9+M9+O9+Q9+S9+U9+W9+Y9+AA9+AC9,"")))))))))))) -> 745 | AF9: =IFERROR((AE9/AD9),0) -> 1.0290055 | AG9: =+F9+H9+J9+L9+N9+P9+R9+T9+V9+X9+Z9+AB9 -> 724 | AH9: =IF($AD$2="ENERO",G9,IF($AD$2="FEBRERO",G9+I9,IF($AD$2="MARZO",G9+I9+K9,IF($AD$2="ABRIL",G9+I9+K9+M9,IF($AD$2="MAYO",G9+I9+K9+M9+O9,IF($AD$2="JUNIO",G9+I9+K9+M9+O9+Q9,IF($AD$2="JULIO",G9+I9+K9+M9+O9+Q9+S9,IF($AD$2="AGOSTO",G9+I9+K9+M9+O9+Q9+S9+U9,IF($AD$2="SEPTIEMBRE",G9+I9+K9+M9+O9+Q9+S9+U9+W9,IF($AD$2="OCTUBRE",G9+I9+K9+M9+O9+Q9+S9+U9+W9+Y9,IF($AD$2="NOVIEMBRE",G9+I9+K9+M9+O9+Q9+S9+U9+W9+Y9+AA9,IF($AD$2="DICIEMBRE",G9+I9+K9+M9+O9+Q9+S9+U9+W9+Y9+AA9+AC9,"")))))))))))) -> 745 | AI9: =IFERROR((AH9/AG9),0) -> 1.0290055 | AJ9: =IFERROR(IF($AJ$3="Q1",F9+H9+J9,IF($AJ$3="Q2",L9+N9++P9,IF($AJ$3="Q3",R9+T9+V9,IF($AJ$3="Q4",X9+Z9+AB9,0)))),0) -> 362 | AK9: =IFERROR(IF($AJ$3="Q1",G9+I9+K9,IF($AJ$3="Q2",M9+O9++Q9,IF($AJ$3="Q3",S9+U9+W9,IF($AJ$3="Q4",Y9+AA9+AC9,0)))),0) -> 377 | AL9: =IFERROR((AK9/AJ9),0) -> 1.0414365 | AM9: =IFERROR(IF($AM$3="S 1",F9+H9+J9+L9+N9++P9,IF($AM$3="S 2",R9+T9+V9+X9+Z9+AB9,0)),0) -> 0 | AN9: =IFERROR(IF($AM$3="S 1",G9+I9+K9+M9+O9+Q9,IF($AM$3="S 2",S9+U9+W9+Y9+AA9+AC9,0)),0) -> 0 | AO9: =IFERROR((AN9/AM9),0) -> 0
A10: 2 | B10: 100213 | C10: MOVILNORTE | D10: 7450 | E10: Grupo Momentum | F10: 46 | G10: =IFERROR(VLOOKUP(B10,[2]RETAIL!$B$8:$O$63,3,0),0)-IFERROR(IF(B10=100873,VLOOKUP("ENERO",[2]RETAIL!$B$78:$C$91,2,0),0),0) -> 38 | H10: 47 | I10: =IFERROR(VLOOKUP(B10,[2]RETAIL!$B$8:$O$63,4,0),0)-IFERROR(IF(B10=100873,VLOOKUP("FEBRERO",[2]RETAIL!$B$78:$C$91,2,0),0),0) -> 51 | J10: 47 | K10: =IFERROR(VLOOKUP(B10,[2]RETAIL!$B$8:$O$63,5,0),0)-IFERROR(IF(B10=100873,VLOOKUP("MARZO",[2]RETAIL!$B$78:$C$91,2,0),0),0) -> 63 | L10: 46 | M10: =IFERROR(VLOOKUP(B10,[2]RETAIL!$B$8:$O$63,6,0),0)-IFERROR(IF(B10=100873,VLOOKUP("ABRIL",[2]RETAIL!$B$78:$C$91,2,0),0),0) -> 48 | N10: 47 | O10: =IFERROR(VLOOKUP(B10,[2]RETAIL!$B$8:$O$63,7,0),0)-IFERROR(IF(B10=100873,VLOOKUP("MAYO",[2]RETAIL!$B$78:$C$91,2,0),0),0) -> 50 | P10: 47 | Q10: =IFERROR(VLOOKUP(B10,[2]RETAIL!$B$8:$O$63,8,0),0)-IFERROR(IF(B10=100873,VLOOKUP("JUNIO",[2]RETAIL!$B$78:$C$91,2,0),0),0) -> 49 | S10: =IFERROR(VLOOKUP(B10,[2]RETAIL!$B$8:$O$63,9,0),0)-IFERROR(IF(B10=100873,VLOOKUP("JULIO",[2]RETAIL!$B$78:$C$91,2,0),0),0) -> 0 | U10: =IFERROR(VLOOKUP(B10,[2]RETAIL!$B$8:$O$63,10,0),0)-IFERROR(IF(B10=100873,VLOOKUP("AGOSTO",[2]RETAIL!$B$78:$C$91,2,0),0),0) -> 0 | W10: =IFERROR(VLOOKUP(B10,[2]RETAIL!$B$8:$O$63,11,0),0)-IFERROR(IF(B10=100873,VLOOKUP("SEPTIEMBRE",[2]RETAIL!$B$78:$C$91,2,0),0),0) -> 0 | Y10: =IFERROR(VLOOKUP(B10,[2]RETAIL!$B$8:$O$63,12,0),0)-IFERROR(IF(B10=100873,VLOOKUP("OCTUBRE",[2]RETAIL!$B$78:$C$91,2,0),0),0) -> 0 | AA10: =IFERROR(VLOOKUP(B10,[2]RETAIL!$B$8:$O$63,13,0),0)-IFERROR(IF(B10=100873,VLOOKUP("NOVIEMBRE",[2]RETAIL!$B$78:$C$91,2,0),0),0) -> 0 | AC10: =IFERROR(VLOOKUP(B10,[2]RETAIL!$B$8:$O$63,14,0),0)-IFERROR(IF(B10=100873,VLOOKUP("DICIEMBRE",[2]RETAIL!$B$78:$C$91,2,0),0),0) -> 0 | AD10: =IF($AD$2="ENERO",F10,IF($AD$2="FEBRERO",F10+H10,IF($AD$2="MARZO",F10+H10+J10,IF($AD$2="ABRIL",F10+H10+J10+L10,IF($AD$2="MAYO",F10+H10+J10+L10+N10,IF($AD$2="JUNIO",F10+H10+J10+L10+N10+P10,IF($AD$2="JULIO",F10+H10+J10+L10+N10+P10+R10,IF($AD$2="AGOSTO",F10+H10+J10+L10+N10+P10+R10+T10,IF($AD$2="SEPTIEMBRE",F10+H10+J10+L10+N10+P10+R10+T10+V10,IF($AD$2="OCTUBRE",F10+H10+J10+L10+N10+P10+R10+T10+V10+X10,IF($AD$2="NOVIEMBRE",F10+H10+J10+L10+N10+P10+R10+T10+V10+X10+Z10,IF($AD$2="DICIEMBRE",F10+H10+J10+L10+N10+P10+R10+T10+V10+X10+Z10+AB10,"")))))))))))) -> 280 | AE10: =IFERROR(IF($AD$2="ENERO",G10,IF($AD$2="FEBRERO",G10+I10,IF($AD$2="MARZO",G10+I10+K10,IF($AD$2="ABRIL",G10+I10+K10+M10,IF($AD$2="MAYO",G10+I10+K10+M10+O10,IF($AD$2="JUNIO",G10+I10+K10+M10+O10+Q10,IF($AD$2="JULIO",G10+I10+K10+M10+O10+Q10+S10,IF($AD$2="AGOSTO",G10+I10+K10+M10+O10+Q10+S10+U10,IF($AD$2="SEPTIEMBRE",G10+I10+K10+M10+O10+Q10+S10+U10+W10,IF($AD$2="OCTUBRE",G10+I10+K10+M10+O10+Q10+S10+U10+W10+Y10,IF($AD$2="NOVIEMBRE",G10+I10+K10+M10+O10+Q10+S10+U10+W10+Y10+AA10,IF($AD$2="DICIEMBRE",G10+I10+K10+M10+O10+Q10+S10+U10+W10+Y10+AA10+AC10,"")))))))))))),0) -> 299 | AF10: =IFERROR((AH10/AD10),0) -> 1.0678571 | AG10: =+F10+H10+J10+L10+N10+P10+R10+T10+V10+X10+Z10+AB10 -> 280 | AH10: =IFERROR(IF($AD$2="ENERO",G10,IF($AD$2="FEBRERO",G10+I10,IF($AD$2="MARZO",G10+I10+K10,IF($AD$2="ABRIL",G10+I10+K10+M10,IF($AD$2="MAYO",G10+I10+K10+M10+O10,IF($AD$2="JUNIO",G10+I10+K10+M10+O10+Q10,IF($AD$2="JULIO",G10+I10+K10+M10+O10+Q10+S10,IF($AD$2="AGOSTO",G10+I10+K10+M10+O10+Q10+S10+U10,IF($AD$2="SEPTIEMBRE",G10+I10+K10+M10+O10+Q10+S10+U10+W10,IF($AD$2="OCTUBRE",G10+I10+K10+M10+O10+Q10+S10+U10+W10+Y10,IF($AD$2="NOVIEMBRE",G10+I10+K10+M10+O10+Q10+S10+U10+W10+Y10+AA10,IF($AD$2="DICIEMBRE",G10+I10+K10+M10+O10+Q10+S10+U10+W10+Y10+AA10+AC10,"")))))))))))),0) -> 299 | AI10: =IFERROR((AH10/AG10),0) -> 1.0678571 | AJ10: =IFERROR(IF($AJ$3="Q1",F10+H10+J10,IF($AJ$3="Q2",L10+N10++P10,IF($AJ$3="Q3",R10+T10+V10,IF($AJ$3="Q4",X10+Z10+AB10,0)))),0) -> 140 | AK10: =IFERROR(IF($AJ$3="Q1",G10+I10+K10,IF($AJ$3="Q2",M10+O10++Q10,IF($AJ$3="Q3",S10+U10+W10,IF($AJ$3="Q4",Y10+AA10+AC10,0)))),0) -> 152 | AL10: =IFERROR((AK10/AJ10),0) -> 1.0857143 | AM10: =IFERROR(IF($AM$3="S 1",F10+H10+J10+L10+N10++P10,IF($AM$3="S 2",R10+T10+V10+X10+Z10+AB10,0)),0) -> 0 | AN10: =IFERROR(IF($AM$3="S 1",G10+I10+K10+M10+O10+Q10,IF($AM$3="S 2",S10+U10+W10+Y10+AA10+AC10,0)),0) -> 0 | AO10: =IFERROR((AN10/AM10),0) -> 0
A11: 2 | B11: 100319 | C11: VEHINTER | D11: 7450 | E11: Grupo Momentum | F11: 47 | G11: =IFERROR(VLOOKUP(B11,[2]RETAIL!$B$8:$O$63,3,0),0)-IFERROR(IF(B11=100873,VLOOKUP("ENERO",[2]RETAIL!$B$78:$C$91,2,0),0),0) -> 50 | H11: 49 | I11: =IFERROR(VLOOKUP(B11,[2]RETAIL!$B$8:$O$63,4,0),0)-IFERROR(IF(B11=100873,VLOOKUP("FEBRERO",[2]RETAIL!$B$78:$C$91,2,0),0),0) -> 57 | J11: 49 | K11: =IFERROR(VLOOKUP(B11,[2]RETAIL!$B$8:$O$63,5,0),0)-IFERROR(IF(B11=100873,VLOOKUP("MARZO",[2]RETAIL!$B$78:$C$91,2,0),0),0) -> 63 | L11: 47 | M11: =IFERROR(VLOOKUP(B11,[2]RETAIL!$B$8:$O$63,6,0),0)-IFERROR(IF(B11=100873,VLOOKUP("ABRIL",[2]RETAIL!$B$78:$C$91,2,0),0),0) -> 56 | N11: 49 | O11: =IFERROR(VLOOKUP(B11,[2]RETAIL!$B$8:$O$63,7,0),0)-IFERROR(IF(B11=100873,VLOOKUP("MAYO",[2]RETAIL!$B$78:$C$91,2,0),0),0) -> 44 | P11: 49 | Q11: =IFERROR(VLOOKUP(B11,[2]RETAIL!$B$8:$O$63,8,0),0)-IFERROR(IF(B11=100873,VLOOKUP("JUNIO",[2]RETAIL!$B$78:$C$91,2,0),0),0) -> 60 | S11: =IFERROR(VLOOKUP(B11,[2]RETAIL!$B$8:$O$63,9,0),0)-IFERROR(IF(B11=100873,VLOOKUP("JULIO",[2]RETAIL!$B$78:$C$91,2,0),0),0) -> 0 | U11: =IFERROR(VLOOKUP(B11,[2]RETAIL!$B$8:$O$63,10,0),0)-IFERROR(IF(B11=100873,VLOOKUP("AGOSTO",[2]RETAIL!$B$78:$C$91,2,0),0),0) -> 0 | W11: =IFERROR(VLOOKUP(B11,[2]RETAIL!$B$8:$O$63,11,0),0)-IFERROR(IF(B11=100873,VLOOKUP("SEPTIEMBRE",[2]RETAIL!$B$78:$C$91,2,0),0),0) -> 0 | Y11: =IFERROR(VLOOKUP(B11,[2]RETAIL!$B$8:$O$63,12,0),0)-IFERROR(IF(B11=100873,VLOOKUP("OCTUBRE",[2]RETAIL!$B$78:$C$91,2,0),0),0) -> 0 | AA11: =IFERROR(VLOOKUP(B11,[2]RETAIL!$B$8:$O$63,13,0),0)-IFERROR(IF(B11=100873,VLOOKUP("NOVIEMBRE",[2]RETAIL!$B$78:$C$91,2,0),0),0) -> 0 | AC11: =IFERROR(VLOOKUP(B11,[2]RETAIL!$B$8:$O$63,14,0),0)-IFERROR(IF(B11=100873,VLOOKUP("DICIEMBRE",[2]RETAIL!$B$78:$C$91,2,0),0),0) -> 0 | AD11: =IF($AD$2="ENERO",F11,IF($AD$2="FEBRERO",F11+H11,IF($AD$2="MARZO",F11+H11+J11,IF($AD$2="ABRIL",F11+H11+J11+L11,IF($AD$2="MAYO",F11+H11+J11+L11+N11,IF($AD$2="JUNIO",F11+H11+J11+L11+N11+P11,IF($AD$2="JULIO",F11+H11+J11+L11+N11+P11+R11,IF($AD$2="AGOSTO",F11+H11+J11+L11+N11+P11+R11+T11,IF($AD$2="SEPTIEMBRE",F11+H11+J11+L11+N11+P11+R11+T11+V11,IF($AD$2="OCTUBRE",F11+H11+J11+L11+N11+P11+R11+T11+V11+X11,IF($AD$2="NOVIEMBRE",F11+H11+J11+L11+N11+P11+R11+T11+V11+X11+Z11,IF($AD$2="DICIEMBRE",F11+H11+J11+L11+N11+P11+R11+T11+V11+X11+Z11+AB11,"")))))))))))) -> 290 | AE11: =IFERROR(IF($AD$2="ENERO",G11,IF($AD$2="FEBRERO",G11+I11,IF($AD$2="MARZO",G11+I11+K11,IF($AD$2="ABRIL",G11+I11+K11+M11,IF($AD$2="MAYO",G11+I11+K11+M11+O11,IF($AD$2="JUNIO",G11+I11+K11+M11+O11+Q11,IF($AD$2="JULIO",G11+I11+K11+M11+O11+Q11+S11,IF($AD$2="AGOSTO",G11+I11+K11+M11+O11+Q11+S11+U11,IF($AD$2="SEPTIEMBRE",G11+I11+K11+M11+O11+Q11+S11+U11+W11,IF($AD$2="OCTUBRE",G11+I11+K11+M11+O11+Q11+S11+U11+W11+Y11,IF($AD$2="NOVIEMBRE",G11+I11+K11+M11+O11+Q11+S11+U11+W11+Y11+AA11,IF($AD$2="DICIEMBRE",G11+I11+K11+M11+O11+Q11+S11+U11+W11+Y11+AA11+AC11,"")))))))))))),0) -> 330 | AF11: =IFERROR((AE11/AD11),0) -> 1.137931 | AG11: =+F11+H11+J11+L11+N11+P11+R11+T11+V11+X11+Z11+AB11 -> 290 | AH11: =IFERROR(IF($AD$2="ENERO",G11,IF($AD$2="FEBRERO",G11+I11,IF($AD$2="MARZO",G11+I11+K11,IF($AD$2="ABRIL",G11+I11+K11+M11,IF($AD$2="MAYO",G11+I11+K11+M11+O11,IF($AD$2="JUNIO",G11+I11+K11+M11+O11+Q11,IF($AD$2="JULIO",G11+I11+K11+M11+O11+Q11+S11,IF($AD$2="AGOSTO",G11+I11+K11+M11+O11+Q11+S11+U11,IF($AD$2="SEPTIEMBRE",G11+I11+K11+M11+O11+Q11+S11+U11+W11,IF($AD$2="OCTUBRE",G11+I11+K11+M11+O11+Q11+S11+U11+W11+Y11,IF($AD$2="NOVIEMBRE",G11+I11+K11+M11+O11+Q11+S11+U11+W11+Y11+AA11,IF($AD$2="DICIEMBRE",G11+I11+K11+M11+O11+Q11+S11+U11+W11+Y11+AA11+AC11,"")))))))))))),0) -> 330 | AI11: =IFERROR((AH11/AG11),0) -> 1.137931 | AJ11: =IFERROR(IF($AJ$3="Q1",F11+H11+J11,IF($AJ$3="Q2",L11+N11++P11,IF($AJ$3="Q3",R11+T11+V11,IF($AJ$3="Q4",X11+Z11+AB11,0)))),0) -> 145 | AK11: =IFERROR(IF($AJ$3="Q1",G11+I11+K11,IF($AJ$3="Q2",M11+O11++Q11,IF($AJ$3="Q3",S11+U11+W11,IF($AJ$3="Q4",Y11+AA11+AC11,0)))),0) -> 170 | AL11: =IFERROR((AK11/AJ11),0) -> 1.1724138 | AM11: =IFERROR(IF($AM$3="S 1",F11+H11+J11+L11+N11++P11,IF($AM$3="S 2",R11+T11+V11+X11+Z11+AB11,0)),0) -> 0 | AN11: =IFERROR(IF($AM$3="S 1",G11+I11+K11+M11+O11+Q11,IF($AM$3="S 2",S11+U11+W11+Y11+AA11+AC11,0)),0) -> 0 | AO11: =IFERROR((AN11/AM11),0) -> 0
A12: 2 | B12: 100349 | C12: AUTO PREMIER | D12: 7450 | E12: Grupo Momentum | F12: 41 | G12: =IFERROR(VLOOKUP(B12,[2]RETAIL!$B$8:$O$63,3,0),0)-IFERROR(IF(B12=100873,VLOOKUP("ENERO",[2]RETAIL!$B$78:$C$91,2,0),0),0) -> 36 | H12: 41 | I12: =IFERROR(VLOOKUP(B12,[2]RETAIL!$B$8:$O$63,4,0),0)-IFERROR(IF(B12=100873,VLOOKUP("FEBRERO",[2]RETAIL!$B$78:$C$91,2,0),0),0) -> 60 | J12: 43 | K12: =IFERROR(VLOOKUP(B12,[2]RETAIL!$B$8:$O$63,5,0),0)-IFERROR(IF(B12=100873,VLOOKUP("MARZO",[2]RETAIL!$B$78:$C$91,2,0),0),0) -> 67 | L12: 41 | M12: =IFERROR(VLOOKUP(B12,[2]RETAIL!$B$8:$O$63,6,0),0)-IFERROR(IF(B12=100873,VLOOKUP("ABRIL",[2]RETAIL!$B$78:$C$91,2,0),0),0) -> 71 | N12: 41 | O12: =IFERROR(VLOOKUP(B12,[2]RETAIL!$B$8:$O$63,7,0),0)-IFERROR(IF(B12=100873,VLOOKUP("MAYO",[2]RETAIL!$B$78:$C$91,2,0),0),0) -> 44 | P12: 43 | Q12: =IFERROR(VLOOKUP(B12,[2]RETAIL!$B$8:$O$63,8,0),0)-IFERROR(IF(B12=100873,VLOOKUP("JUNIO",[2]RETAIL!$B$78:$C$91,2,0),0),0) -> 60 | S12: =IFERROR(VLOOKUP(B12,[2]RETAIL!$B$8:$O$63,9,0),0)-IFERROR(IF(B12=100873,VLOOKUP("JULIO",[2]RETAIL!$B$78:$C$91,2,0),0),0) -> 0 | U12: =IFERROR(VLOOKUP(B12,[2]RETAIL!$B$8:$O$63,10,0),0)-IFERROR(IF(B12=100873,VLOOKUP("AGOSTO",[2]RETAIL!$B$78:$C$91,2,0),0),0) -> 0 | W12: =IFERROR(VLOOKUP(B12,[2]RETAIL!$B$8:$O$63,11,0),0)-IFERROR(IF(B12=100873,VLOOKUP("SEPTIEMBRE",[2]RETAIL!$B$78:$C$91,2,0),0),0) -> 0 | Y12: =IFERROR(VLOOKUP(B12,[2]RETAIL!$B$8:$O$63,12,0),0)-IFERROR(IF(B12=100873,VLOOKUP("OCTUBRE",[2]RETAIL!$B$78:$C$91,2,0),0),0) -> 0 | AA12: =IFERROR(VLOOKUP(B12,[2]RETAIL!$B$8:$O$63,13,0),0)-IFERROR(IF(B12=100873,VLOOKUP("NOVIEMBRE",[2]RETAIL!$B$78:$C$91,2,0),0),0) -> 0 | AC12: =IFERROR(VLOOKUP(B12,[2]RETAIL!$B$8:$O$63,14,0),0)-IFERROR(IF(B12=100873,VLOOKUP("DICIEMBRE",[2]RETAIL!$B$78:$C$91,2,0),0),0) -> 0 | AD12: =IF($AD$2="ENERO",F12,IF($AD$2="FEBRERO",F12+H12,IF($AD$2="MARZO",F12+H12+J12,IF($AD$2="ABRIL",F12+H12+J12+L12,IF($AD$2="MAYO",F12+H12+J12+L12+N12,IF($AD$2="JUNIO",F12+H12+J12+L12+N12+P12,IF($AD$2="JULIO",F12+H12+J12+L12+N12+P12+R12,IF($AD$2="AGOSTO",F12+H12+J12+L12+N12+P12+R12+T12,IF($AD$2="SEPTIEMBRE",F12+H12+J12+L12+N12+P12+R12+T12+V12,IF($AD$2="OCTUBRE",F12+H12+J12+L12+N12+P12+R12+T12+V12+X12,IF($AD$2="NOVIEMBRE",F12+H12+J12+L12+N12+P12+R12+T12+V12+X12+Z12,IF($AD$2="DICIEMBRE",F12+H12+J12+L12+N12+P12+R12+T12+V12+X12+Z12+AB12,"")))))))))))) -> 250 | AE12: =IFERROR(IF($AD$2="ENERO",G12,IF($AD$2="FEBRERO",G12+I12,IF($AD$2="MARZO",G12+I12+K12,IF($AD$2="ABRIL",G12+I12+K12+M12,IF($AD$2="MAYO",G12+I12+K12+M12+O12,IF($AD$2="JUNIO",G12+I12+K12+M12+O12+Q12,IF($AD$2="JULIO",G12+I12+K12+M12+O12+Q12+S12,IF($AD$2="AGOSTO",G12+I12+K12+M12+O12+Q12+S12+U12,IF($AD$2="SEPTIEMBRE",G12+I12+K12+M12+O12+Q12+S12+U12+W12,IF($AD$2="OCTUBRE",G12+I12+K12+M12+O12+Q12+S12+U12+W12+Y12,IF($AD$2="NOVIEMBRE",G12+I12+K12+M12+O12+Q12+S12+U12+W12+Y12+AA12,IF($AD$2="DICIEMBRE",G12+I12+K12+M12+O12+Q12+S12+U12+W12+Y12+AA12+AC12,"")))))))))))),0) -> 338 | AF12: =IFERROR((AE12/AD12),0) -> 1.352 | AG12: =+F12+H12+J12+L12+N12+P12+R12+T12+V12+X12+Z12+AB12 -> 250 | AH12: =IFERROR(IF($AD$2="ENERO",G12,IF($AD$2="FEBRERO",G12+I12,IF($AD$2="MARZO",G12+I12+K12,IF($AD$2="ABRIL",G12+I12+K12+M12,IF($AD$2="MAYO",G12+I12+K12+M12+O12,IF($AD$2="JUNIO",G12+I12+K12+M12+O12+Q12,IF($AD$2="JULIO",G12+I12+K12+M12+O12+Q12+S12,IF($AD$2="AGOSTO",G12+I12+K12+M12+O12+Q12+S12+U12,IF($AD$2="SEPTIEMBRE",G12+I12+K12+M12+O12+Q12+S12+U12+W12,IF($AD$2="OCTUBRE",G12+I12+K12+M12+O12+Q12+S12+U12+W12+Y12,IF($AD$2="NOVIEMBRE",G12+I12+K12+M12+O12+Q12+S12+U12+W12+Y12+AA12,IF($AD$2="DICIEMBRE",G12+I12+K12+M12+O12+Q12+S12+U12+W12+Y12+AA12+AC12,"")))))))))))),0) -> 338 | AI12: =IFERROR((AH12/AG12),0) -> 1.352 | AJ12: =IFERROR(IF($AJ$3="Q1",F12+H12+J12,IF($AJ$3="Q2",L12+N12++P12,IF($AJ$3="Q3",R12+T12+V12,IF($AJ$3="Q4",X12+Z12+AB12,0)))),0) -> 125 | AK12: =IFERROR(IF($AJ$3="Q1",G12+I12+K12,IF($AJ$3="Q2",M12+O12++Q12,IF($AJ$3="Q3",S12+U12+W12,IF($AJ$3="Q4",Y12+AA12+AC12,0)))),0) -> 163 | AL12: =IFERROR((AK12/AJ12),0) -> 1.304 | AM12: =IFERROR(IF($AM$3="S 1",F12+H12+J12+L12+N12++P12,IF($AM$3="S 2",R12+T12+V12+X12+Z12+AB12,0)),0) -> 0 | AN12: =IFERROR(IF($AM$3="S 1",G12+I12+K12+M12+O12+Q12,IF($AM$3="S 2",S12+U12+W12+Y12+AA12+AC12,0)),0) -> 0 | AO12: =IFERROR((AN12/AM12),0) -> 0
A13: 2 | B13: 100917 | C13: MOMENTUM NORTE | D13: 7450 | E13: Grupo Momentum | F13: 1 | G13: =IFERROR(VLOOKUP(B13,[2]RETAIL!$B$8:$O$63,3,0),0)-IFERROR(IF(B13=100873,VLOOKUP("ENERO",[2]RETAIL!$B$78:$C$91,2,0),0),0) -> 0 | H13: 1 | I13: =IFERROR(VLOOKUP(B13,[2]RETAIL!$B$8:$O$63,4,0),0)-IFERROR(IF(B13=100873,VLOOKUP("FEBRERO",[2]RETAIL!$B$78:$C$91,2,0),0),0) -> 0 | J13: 18 | K13: =IFERROR(VLOOKUP(B13,[2]RETAIL!$B$8:$O$63,5,0),0)-IFERROR(IF(B13=100873,VLOOKUP("MARZO",[2]RETAIL!$B$78:$C$91,2,0),0),0) -> 0 | L13: 20 | M13: =IFERROR(VLOOKUP(B13,[2]RETAIL!$B$8:$O$63,6,0),0)-IFERROR(IF(B13=100873,VLOOKUP("ABRIL",[2]RETAIL!$B$78:$C$91,2,0),0),0) -> 7 | N13: 30 | O13: =IFERROR(VLOOKUP(B13,[2]RETAIL!$B$8:$O$63,7,0),0)-IFERROR(IF(B13=100873,VLOOKUP("MAYO",[2]RETAIL!$B$78:$C$91,2,0),0),0) -> 14 | P13: 30 | Q13: =IFERROR(VLOOKUP(B13,[2]RETAIL!$B$8:$O$63,8,0),0)-IFERROR(IF(B13=100873,VLOOKUP("JUNIO",[2]RETAIL!$B$78:$C$91,2,0),0),0) -> 27 | S13: =IFERROR(VLOOKUP(B13,[2]RETAIL!$B$8:$O$63,9,0),0)-IFERROR(IF(B13=100873,VLOOKUP("JULIO",[2]RETAIL!$B$78:$C$91,2,0),0),0) -> 0 | U13: =IFERROR(VLOOKUP(B13,[2]RETAIL!$B$8:$O$63,10,0),0)-IFERROR(IF(B13=100873,VLOOKUP("AGOSTO",[2]RETAIL!$B$78:$C$91,2,0),0),0) -> 0 | W13: =IFERROR(VLOOKUP(B13,[2]RETAIL!$B$8:$O$63,11,0),0)-IFERROR(IF(B13=100873,VLOOKUP("SEPTIEMBRE",[2]RETAIL!$B$78:$C$91,2,0),0),0) -> 0 | Y13: =IFERROR(VLOOKUP(B13,[2]RETAIL!$B$8:$O$63,12,0),0)-IFERROR(IF(B13=100873,VLOOKUP("OCTUBRE",[2]RETAIL!$B$78:$C$91,2,0),0),0) -> 0 | AA13: =IFERROR(VLOOKUP(B13,[2]RETAIL!$B$8:$O$63,13,0),0)-IFERROR(IF(B13=100873,VLOOKUP("NOVIEMBRE",[2]RETAIL!$B$78:$C$91,2,0),0),0) -> 0 | AC13: =IFERROR(VLOOKUP(B13,[2]RETAIL!$B$8:$O$63,14,0),0)-IFERROR(IF(B13=100873,VLOOKUP("DICIEMBRE",[2]RETAIL!$B$78:$C$91,2,0),0),0) -> 0 | AD13: =IF($AD$2="ENERO",F13,IF($AD$2="FEBRERO",F13+H13,IF($AD$2="MARZO",F13+H13+J13,IF($AD$2="ABRIL",F13+H13+J13+L13,IF($AD$2="MAYO",F13+H13+J13+L13+N13,IF($AD$2="JUNIO",F13+H13+J13+L13+N13+P13,IF($AD$2="JULIO",F13+H13+J13+L13+N13+P13+R13,IF($AD$2="AGOSTO",F13+H13+J13+L13+N13+P13+R13+T13,IF($AD$2="SEPTIEMBRE",F13+H13+J13+L13+N13+P13+R13+T13+V13,IF($AD$2="OCTUBRE",F13+H13+J13+L13+N13+P13+R13+T13+V13+X13,IF($AD$2="NOVIEMBRE",F13+H13+J13+L13+N13+P13+R13+T13+V13+X13+Z13,IF($AD$2="DICIEMBRE",F13+H13+J13+L13+N13+P13+R13+T13+V13+X13+Z13+AB13,"")))))))))))) -> 100 | AE13: =IFERROR(IF($AD$2="ENERO",G13,IF($AD$2="FEBRERO",G13+I13,IF($AD$2="MARZO",G13+I13+K13,IF($AD$2="ABRIL",G13+I13+K13+M13,IF($AD$2="MAYO",G13+I13+K13+M13+O13,IF($AD$2="JUNIO",G13+I13+K13+M13+O13+Q13,IF($AD$2="JULIO",G13+I13+K13+M13+O13+Q13+S13,IF($AD$2="AGOSTO",G13+I13+K13+M13+O13+Q13+S13+U13,IF($AD$2="SEPTIEMBRE",G13+I13+K13+M13+O13+Q13+S13+U13+W13,IF($AD$2="OCTUBRE",G13+I13+K13+M13+O13+Q13+S13+U13+W13+Y13,IF($AD$2="NOVIEMBRE",G13+I13+K13+M13+O13+Q13+S13+U13+W13+Y13+AA13,IF($AD$2="DICIEMBRE",G13+I13+K13+M13+O13+Q13+S13+U13+W13+Y13+AA13+AC13,"")))))))))))),0) -> 48 | AF13: =IFERROR((AE13/AD13),0) -> 0.48 | AG13: =+F13+H13+J13+L13+N13+P13+R13+T13+V13+X13+Z13+AB13 -> 100 | AH13: =IFERROR(IF($AD$2="ENERO",G13,IF($AD$2="FEBRERO",G13+I13,IF($AD$2="MARZO",G13+I13+K13,IF($AD$2="ABRIL",G13+I13+K13+M13,IF($AD$2="MAYO",G13+I13+K13+M13+O13,IF($AD$2="JUNIO",G13+I13+K13+M13+O13+Q13,IF($AD$2="JULIO",G13+I13+K13+M13+O13+Q13+S13,IF($AD$2="AGOSTO",G13+I13+K13+M13+O13+Q13+S13+U13,IF($AD$2="SEPTIEMBRE",G13+I13+K13+M13+O13+Q13+S13+U13+W13,IF($AD$2="OCTUBRE",G13+I13+K13+M13+O13+Q13+S13+U13+W13+Y13,IF($AD$2="NOVIEMBRE",G13+I13+K13+M13+O13+Q13+S13+U13+W13+Y13+AA13,IF($AD$2="DICIEMBRE",G13+I13+K13+M13+O13+Q13+S13+U13+W13+Y13+AA13+AC13,"")))))))))))),0) -> 48 | AI13: =IFERROR((AH13/AG13),0) -> 0.48 | AJ13: =IFERROR(IF($AJ$3="Q1",F13+H13+J13,IF($AJ$3="Q2",L13+N13++P13,IF($AJ$3="Q3",R13+T13+V13,IF($AJ$3="Q4",X13+Z13+AB13,0)))),0) -> 20 | AK13: =IFERROR(IF($AJ$3="Q1",G13+I13+K13,IF($AJ$3="Q2",M13+O13++Q13,IF($AJ$3="Q3",S13+U13+W13,IF($AJ$3="Q4",Y13+AA13+AC13,0)))),0) -> 0 | AL13: =IFERROR((AK13/AJ13),0) -> 0 | AM13: =IFERROR(IF($AM$3="S 1",F13+H13+J13+L13+N13++P13,IF($AM$3="S 2",R13+T13+V13+X13+Z13+AB13,0)),0) -> 0 | AN13: =IFERROR(IF($AM$3="S 1",G13+I13+K13+M13+O13+Q13,IF($AM$3="S 2",S13+U13+W13+Y13+AA13+AC13,0)),0) -> 0 | AO13: =IFERROR((AN13/AM13),0) -> 0
A14: 2 | B14: 100726 | C14: ENEKURI MOTOR | D14: 39198 | E14: Enekuri | F14: 11 | G14: =IFERROR(VLOOKUP(B14,[2]RETAIL!$B$8:$O$63,3,0),0)-IFERROR(IF(B14=100873,VLOOKUP("ENERO",[2]RETAIL!$B$78:$C$91,2,0),0),0) -> 7 | H14: 12 | I14: =IFERROR(VLOOKUP(B14,[2]RETAIL!$B$8:$O$63,4,0),0)-IFERROR(IF(B14=100873,VLOOKUP("FEBRERO",[2]RETAIL!$B$78:$C$91,2,0),0),0) -> 12 | J14: 12 | K14: =IFERROR(VLOOKUP(B14,[2]RETAIL!$B$8:$O$63,5,0),0)-IFERROR(IF(B14=100873,VLOOKUP("MARZO",[2]RETAIL!$B$78:$C$91,2,0),0),0) -> 24 | L14: 11 | M14: =IFERROR(VLOOKUP(B14,[2]RETAIL!$B$8:$O$63,6,0),0)-IFERROR(IF(B14=100873,VLOOKUP("ABRIL",[2]RETAIL!$B$78:$C$91,2,0),0),0) -> 14 | N14: 12 | O14: =IFERROR(VLOOKUP(B14,[2]RETAIL!$B$8:$O$63,7,0),0)-IFERROR(IF(B14=100873,VLOOKUP("MAYO",[2]RETAIL!$B$78:$C$91,2,0),0),0) -> 9 | P14: 12 | Q14: =IFERROR(VLOOKUP(B14,[2]RETAIL!$B$8:$O$63,8,0),0)-IFERROR(IF(B14=100873,VLOOKUP("JUNIO",[2]RETAIL!$B$78:$C$91,2,0),0),0) -> 25 | S14: =IFERROR(VLOOKUP(B14,[2]RETAIL!$B$8:$O$63,9,0),0)-IFERROR(IF(B14=100873,VLOOKUP("JULIO",[2]RETAIL!$B$78:$C$91,2,0),0),0) -> 0 | U14: =IFERROR(VLOOKUP(B14,[2]RETAIL!$B$8:$O$63,10,0),0)-IFERROR(IF(B14=100873,VLOOKUP("AGOSTO",[2]RETAIL!$B$78:$C$91,2,0),0),0) -> 0 | W14: =IFERROR(VLOOKUP(B14,[2]RETAIL!$B$8:$O$63,11,0),0)-IFERROR(IF(B14=100873,VLOOKUP("SEPTIEMBRE",[2]RETAIL!$B$78:$C$91,2,0),0),0) -> 0 | Y14: =IFERROR(VLOOKUP(B14,[2]RETAIL!$B$8:$O$63,12,0),0)-IFERROR(IF(B14=100873,VLOOKUP("OCTUBRE",[2]RETAIL!$B$78:$C$91,2,0),0),0) -> 0 | AA14: =IFERROR(VLOOKUP(B14,[2]RETAIL!$B$8:$O$63,13,0),0)-IFERROR(IF(B14=100873,VLOOKUP("NOVIEMBRE",[2]RETAIL!$B$78:$C$91,2,0),0),0) -> 0 | AC14: =IFERROR(VLOOKUP(B14,[2]RETAIL!$B$8:$O$63,14,0),0)-IFERROR(IF(B14=100873,VLOOKUP("DICIEMBRE",[2]RETAIL!$B$78:$C$91,2,0),0),0) -> 0 | AD14: =IF($AD$2="ENERO",F14,IF($AD$2="FEBRERO",F14+H14,IF($AD$2="MARZO",F14+H14+J14,IF($AD$2="ABRIL",F14+H14+J14+L14,IF($AD$2="MAYO",F14+H14+J14+L14+N14,IF($AD$2="JUNIO",F14+H14+J14+L14+N14+P14,IF($AD$2="JULIO",F14+H14+J14+L14+N14+P14+R14,IF($AD$2="AGOSTO",F14+H14+J14+L14+N14+P14+R14+T14,IF($AD$2="SEPTIEMBRE",F14+H14+J14+L14+N14+P14+R14+T14+V14,IF($AD$2="OCTUBRE",F14+H14+J14+L14+N14+P14+R14+T14+V14+X14,IF($AD$2="NOVIEMBRE",F14+H14+J14+L14+N14+P14+R14+T14+V14+X14+Z14,IF($AD$2="DICIEMBRE",F14+H14+J14+L14+N14+P14+R14+T14+V14+X14+Z14+AB14,"")))))))))))) -> 70 | AE14: =IFERROR(IF($AD$2="ENERO",G14,IF($AD$2="FEBRERO",G14+I14,IF($AD$2="MARZO",G14+I14+K14,IF($AD$2="ABRIL",G14+I14+K14+M14,IF($AD$2="MAYO",G14+I14+K14+M14+O14,IF($AD$2="JUNIO",G14+I14+K14+M14+O14+Q14,IF($AD$2="JULIO",G14+I14+K14+M14+O14+Q14+S14,IF($AD$2="AGOSTO",G14+I14+K14+M14+O14+Q14+S14+U14,IF($AD$2="SEPTIEMBRE",G14+I14+K14+M14+O14+Q14+S14+U14+W14,IF($AD$2="OCTUBRE",G14+I14+K14+M14+O14+Q14+S14+U14+W14+Y14,IF($AD$2="NOVIEMBRE",G14+I14+K14+M14+O14+Q14+S14+U14+W14+Y14+AA14,IF($AD$2="DICIEMBRE",G14+I14+K14+M14+O14+Q14+S14+U14+W14+Y14+AA14+AC14,"")))))))))))),0) -> 91 | AF14: =IFERROR((AE14/AD14),0) -> 1.3 | AG14: =+F14+H14+J14+L14+N14+P14+R14+T14+V14+X14+Z14+AB14 -> 70 | AH14: =IFERROR(IF($AD$2="ENERO",G14,IF($AD$2="FEBRERO",G14+I14,IF($AD$2="MARZO",G14+I14+K14,IF($AD$2="ABRIL",G14+I14+K14+M14,IF($AD$2="MAYO",G14+I14+K14+M14+O14,IF($AD$2="JUNIO",G14+I14+K14+M14+O14+Q14,IF($AD$2="JULIO",G14+I14+K14+M14+O14+Q14+S14,IF($AD$2="AGOSTO",G14+I14+K14+M14+O14+Q14+S14+U14,IF($AD$2="SEPTIEMBRE",G14+I14+K14+M14+O14+Q14+S14+U14+W14,IF($AD$2="OCTUBRE",G14+I14+K14+M14+O14+Q14+S14+U14+W14+Y14,IF($AD$2="NOVIEMBRE",G14+I14+K14+M14+O14+Q14+S14+U14+W14+Y14+AA14,IF($AD$2="DICIEMBRE",G14+I14+K14+M14+O14+Q14+S14+U14+W14+Y14+AA14+AC14,"")))))))))))),0) -> 91 | AI14: =IFERROR((AH14/AG14),0) -> 1.3 | AJ14: =IFERROR(IF($AJ$3="Q1",F14+H14+J14,IF($AJ$3="Q2",L14+N14++P14,IF($AJ$3="Q3",R14+T14+V14,IF($AJ$3="Q4",X14+Z14+AB14,0)))),0) -> 35 | AK14: =IFERROR(IF($AJ$3="Q1",G14+I14+K14,IF($AJ$3="Q2",M14+O14++Q14,IF($AJ$3="Q3",S14+U14+W14,IF($AJ$3="Q4",Y14+AA14+AC14,0)))),0) -> 43 | AL14: =IFERROR((AK14/AJ14),0) -> 1.2285714 | AM14: =IFERROR(IF($AM$3="S 1",F14+H14+J14+L14+N14++P14,IF($AM$3="S 2",R14+T14+V14+X14+Z14+AB14,0)),0) -> 0 | AN14: =IFERROR(IF($AM$3="S 1",G14+I14+K14+M14+O14+Q14,IF($AM$3="S 2",S14+U14+W14+Y14+AA14+AC14,0)),0) -> 0 | AO14: =IFERROR((AN14/AM14),0) -> 0
B15: TOTAL DISTRITO 2 | F15: =SUM(F10:F14) -> 146 | G15: =SUM(G10:G14) -> 131 | H15: =SUM(H10:H14) -> 150 | I15: =SUM(I10:I14) -> 180 | J15: =SUM(J10:J14) -> 169 | K15: =SUM(K10:K14) -> 217 | L15: =SUM(L10:L14) -> 165 | M15: =SUM(M10:M14) -> 196 | ... AC15: =SUM(AC10:AC14) -> 0 | AD15: =IF($AD$2="ENERO",F15,IF($AD$2="FEBRERO",F15+H15,IF($AD$2="MARZO",F15+H15+J15,IF($AD$2="ABRIL",F15+H15+J15+L15,IF($AD$2="MAYO",F15+H15+J15+L15+N15,IF($AD$2="JUNIO",F15+H15+J15+L15+N15+P15,IF($AD$2="JULIO",F15+H15+J15+L15+N15+P15+R15,IF($AD$2="AGOSTO",F15+H15+J15+L15+N15+P15+R15+T15,IF($AD$2="SEPTIEMBRE",F15+H15+J15+L15+N15+P15+R15+T15+V15,IF($AD$2="OCTUBRE",F15+H15+J15+L15+N15+P15+R15+T15+V15+X15,IF($AD$2="NOVIEMBRE",F15+H15+J15+L15+N15+P15+R15+T15+V15+X15+Z15,IF($AD$2="DICIEMBRE",F15+H15+J15+L15+N15+P15+R15+T15+V15+X15+Z15+AB15,"")))))))))))) -> 990 | AE15: =IF($AD$2="ENERO",G15,IF($AD$2="FEBRERO",G15+I15,IF($AD$2="MARZO",G15+I15+K15,IF($AD$2="ABRIL",G15+I15+K15+M15,IF($AD$2="MAYO",G15+I15+K15+M15+O15,IF($AD$2="JUNIO",G15+I15+K15+M15+O15+Q15,IF($AD$2="JULIO",G15+I15+K15+M15+O15+Q15+S15,IF($AD$2="AGOSTO",G15+I15+K15+M15+O15+Q15+S15+U15,IF($AD$2="SEPTIEMBRE",G15+I15+K15+M15+O15+Q15+S15+U15+W15,IF($AD$2="OCTUBRE",G15+I15+K15+M15+O15+Q15+S15+U15+W15+Y15,IF($AD$2="NOVIEMBRE",G15+I15+K15+M15+O15+Q15+S15+U15+W15+Y15+AA15,IF($AD$2="DICIEMBRE",G15+I15+K15+M15+O15+Q15+S15+U15+W15+Y15+AA15+AC15,"")))))))))))) -> 1106 | AF15: =IFERROR((AE15/AD15),0) -> 1.1171717 | AG15: =+F15+H15+J15+L15+N15+P15+R15+T15+V15+X15+Z15+AB15 -> 990 | AH15: =IF($AD$2="ENERO",G15,IF($AD$2="FEBRERO",G15+I15,IF($AD$2="MARZO",G15+I15+K15,IF($AD$2="ABRIL",G15+I15+K15+M15,IF($AD$2="MAYO",G15+I15+K15+M15+O15,IF($AD$2="JUNIO",G15+I15+K15+M15+O15+Q15,IF($AD$2="JULIO",G15+I15+K15+M15+O15+Q15+S15,IF($AD$2="AGOSTO",G15+I15+K15+M15+O15+Q15+S15+U15,IF($AD$2="SEPTIEMBRE",G15+I15+K15+M15+O15+Q15+S15+U15+W15,IF($AD$2="OCTUBRE",G15+I15+K15+M15+O15+Q15+S15+U15+W15+Y15,IF($AD$2="NOVIEMBRE",G15+I15+K15+M15+O15+Q15+S15+U15+W15+Y15+AA15,IF($AD$2="DICIEMBRE",G15+I15+K15+M15+O15+Q15+S15+U15+W15+Y15+AA15+AC15,"")))))))))))) -> 1106 | AI15: =IFERROR((AH15/AG15),0) -> 1.1171717 | AJ15: =IFERROR(IF($AJ$3="Q1",F15+H15+J15,IF($AJ$3="Q2",L15+N15++P15,IF($AJ$3="Q3",R15+T15+V15,IF($AJ$3="Q4",X15+Z15+AB15,0)))),0) -> 465 | AK15: =IFERROR(IF($AJ$3="Q1",G15+I15+K15,IF($AJ$3="Q2",M15+O15++Q15,IF($AJ$3="Q3",S15+U15+W15,IF($AJ$3="Q4",Y15+AA15+AC15,0)))),0) -> 528 | AL15: =IFERROR((AK15/AJ15),0) -> 1.1354839 | AM15: =IFERROR(IF($AM$3="S 1",F15+H15+J15+L15+N15++P15,IF($AM$3="S 2",R15+T15+V15+X15+Z15+AB15,0)),0) -> 0 | AN15: =IFERROR(IF($AM$3="S 1",G15+I15+K15+M15+O15+Q15,IF($AM$3="S 2",S15+U15+W15+Y15+AA15+AC15,0)),0) -> 0 | AO15: =IFERROR((AN15/AM15),0) -> 0
A16: 3 | B16: 100307 | C16: AVILCAR | D16: 5570 | E16: Grupo Hidalgo | F16: 7 | G16: =IFERROR(VLOOKUP(B16,[2]RETAIL!$B$8:$O$63,3,0),0)-IFERROR(IF(B16=100873,VLOOKUP("ENERO",[2]RETAIL!$B$78:$C$91,2,0),0),0) -> 2 | H16: 7 | I16: =IFERROR(VLOOKUP(B16,[2]RETAIL!$B$8:$O$63,4,0),0)-IFERROR(IF(B16=100873,VLOOKUP("FEBRERO",[2]RETAIL!$B$78:$C$91,2,0),0),0) -> 5 | J16: 7 | K16: =IFERROR(VLOOKUP(B16,[2]RETAIL!$B$8:$O$63,5,0),0)-IFERROR(IF(B16=100873,VLOOKUP("MARZO",[2]RETAIL!$B$78:$C$91,2,0),0),0) -> 8 | L16: 8 | M16: =IFERROR(VLOOKUP(B16,[2]RETAIL!$B$8:$O$63,6,0),0)-IFERROR(IF(B16=100873,VLOOKUP("ABRIL",[2]RETAIL!$B$78:$C$91,2,0),0),0) -> 6 | N16: 8 | O16: =IFERROR(VLOOKUP(B16,[2]RETAIL!$B$8:$O$63,7,0),0)-IFERROR(IF(B16=100873,VLOOKUP("MAYO",[2]RETAIL!$B$78:$C$91,2,0),0),0) -> 4 | P16: 8 | Q16: =IFERROR(VLOOKUP(B16,[2]RETAIL!$B$8:$O$63,8,0),0)-IFERROR(IF(B16=100873,VLOOKUP("JUNIO",[2]RETAIL!$B$78:$C$91,2,0),0),0) -> 20 | S16: =IFERROR(VLOOKUP(B16,[2]RETAIL!$B$8:$O$63,9,0),0)-IFERROR(IF(B16=100873,VLOOKUP("JULIO",[2]RETAIL!$B$78:$C$91,2,0),0),0) -> 0 | U16: =IFERROR(VLOOKUP(B16,[2]RETAIL!$B$8:$O$63,10,0),0)-IFERROR(IF(B16=100873,VLOOKUP("AGOSTO",[2]RETAIL!$B$78:$C$91,2,0),0),0) -> 0 | W16: =IFERROR(VLOOKUP(B16,[2]RETAIL!$B$8:$O$63,11,0),0)-IFERROR(IF(B16=100873,VLOOKUP("SEPTIEMBRE",[2]RETAIL!$B$78:$C$91,2,0),0),0) -> 0 | Y16: =IFERROR(VLOOKUP(B16,[2]RETAIL!$B$8:$O$63,12,0),0)-IFERROR(IF(B16=100873,VLOOKUP("OCTUBRE",[2]RETAIL!$B$78:$C$91,2,0),0),0) -> 0 | AA16: =IFERROR(VLOOKUP(B16,[2]RETAIL!$B$8:$O$63,13,0),0)-IFERROR(IF(B16=100873,VLOOKUP("NOVIEMBRE",[2]RETAIL!$B$78:$C$91,2,0),0),0) -> 0 | AC16: =IFERROR(VLOOKUP(B16,[2]RETAIL!$B$8:$O$63,14,0),0)-IFERROR(IF(B16=100873,VLOOKUP("DICIEMBRE",[2]RETAIL!$B$78:$C$91,2,0),0),0) -> 0 | AD16: =IF($AD$2="ENERO",F16,IF($AD$2="FEBRERO",F16+H16,IF($AD$2="MARZO",F16+H16+J16,IF($AD$2="ABRIL",F16+H16+J16+L16,IF($AD$2="MAYO",F16+H16+J16+L16+N16,IF($AD$2="JUNIO",F16+H16+J16+L16+N16+P16,IF($AD$2="JULIO",F16+H16+J16+L16+N16+P16+R16,IF($AD$2="AGOSTO",F16+H16+J16+L16+N16+P16+R16+T16,IF($AD$2="SEPTIEMBRE",F16+H16+J16+L16+N16+P16+R16+T16+V16,IF($AD$2="OCTUBRE",F16+H16+J16+L16+N16+P16+R16+T16+V16+X16,IF($AD$2="NOVIEMBRE",F16+H16+J16+L16+N16+P16+R16+T16+V16+X16+Z16,IF($AD$2="DICIEMBRE",F16+H16+J16+L16+N16+P16+R16+T16+V16+X16+Z16+AB16,"")))))))))))) -> 45 | AE16: =IFERROR(IF($AD$2="ENERO",G16,IF($AD$2="FEBRERO",G16+I16,IF($AD$2="MARZO",G16+I16+K16,IF($AD$2="ABRIL",G16+I16+K16+M16,IF($AD$2="MAYO",G16+I16+K16+M16+O16,IF($AD$2="JUNIO",G16+I16+K16+M16+O16+Q16,IF($AD$2="JULIO",G16+I16+K16+M16+O16+Q16+S16,IF($AD$2="AGOSTO",G16+I16+K16+M16+O16+Q16+S16+U16,IF($AD$2="SEPTIEMBRE",G16+I16+K16+M16+O16+Q16+S16+U16+W16,IF($AD$2="OCTUBRE",G16+I16+K16+M16+O16+Q16+S16+U16+W16+Y16,IF($AD$2="NOVIEMBRE",G16+I16+K16+M16+O16+Q16+S16+U16+W16+Y16+AA16,IF($AD$2="DICIEMBRE",G16+I16+K16+M16+O16+Q16+S16+U16+W16+Y16+AA16+AC16,"")))))))))))),0) -> 45 | AF16: =IFERROR((AH16/AD16),0) -> 1 | AG16: =+F16+H16+J16+L16+N16+P16+R16+T16+V16+X16+Z16+AB16 -> 45 | AH16: =IFERROR(IF($AD$2="ENERO",G16,IF($AD$2="FEBRERO",G16+I16,IF($AD$2="MARZO",G16+I16+K16,IF($AD$2="ABRIL",G16+I16+K16+M16,IF($AD$2="MAYO",G16+I16+K16+M16+O16,IF($AD$2="JUNIO",G16+I16+K16+M16+O16+Q16,IF($AD$2="JULIO",G16+I16+K16+M16+O16+Q16+S16,IF($AD$2="AGOSTO",G16+I16+K16+M16+O16+Q16+S16+U16,IF($AD$2="SEPTIEMBRE",G16+I16+K16+M16+O16+Q16+S16+U16+W16,IF($AD$2="OCTUBRE",G16+I16+K16+M16+O16+Q16+S16+U16+W16+Y16,IF($AD$2="NOVIEMBRE",G16+I16+K16+M16+O16+Q16+S16+U16+W16+Y16+AA16,IF($AD$2="DICIEMBRE",G16+I16+K16+M16+O16+Q16+S16+U16+W16+Y16+AA16+AC16,"")))))))))))),0) -> 45 | AI16: =IFERROR((AH16/AG16),0) -> 1 | AJ16: =IFERROR(IF($AJ$3="Q1",F16+H16+J16,IF($AJ$3="Q2",L16+N16++P16,IF($AJ$3="Q3",R16+T16+V16,IF($AJ$3="Q4",X16+Z16+AB16,0)))),0) -> 21 | AK16: =IFERROR(IF($AJ$3="Q1",G16+I16+K16,IF($AJ$3="Q2",M16+O16++Q16,IF($AJ$3="Q3",S16+U16+W16,IF($AJ$3="Q4",Y16+AA16+AC16,0)))),0) -> 15 | AL16: =IFERROR((AK16/AJ16),0) -> 0.71428571 | AM16: =IFERROR(IF($AM$3="S 1",F16+H16+J16+L16+N16++P16,IF($AM$3="S 2",R16+T16+V16+X16+Z16+AB16,0)),0) -> 0 | AN16: =IFERROR(IF($AM$3="S 1",G16+I16+K16+M16+O16+Q16,IF($AM$3="S 2",S16+U16+W16+Y16+AA16+AC16,0)),0) -> 0 | AO16: =IFERROR((AN16/AM16),0) -> 0
A17: 3 | B17: 100380 | C17: CERES MOTOR | D17: 20285 | E17: Grupo Colmenar | F17: 22 | G17: =IFERROR(VLOOKUP(B17,[2]RETAIL!$B$8:$O$63,3,0),0)-IFERROR(IF(B17=100873,VLOOKUP("ENERO",[2]RETAIL!$B$78:$C$91,2,0),0),0) -> 11 | H17: 22 | I17: =IFERROR(VLOOKUP(B17,[2]RETAIL!$B$8:$O$63,4,0),0)-IFERROR(IF(B17=100873,VLOOKUP("FEBRERO",[2]RETAIL!$B$78:$C$91,2,0),0),0) -> 22 | J17: 22 | K17: =IFERROR(VLOOKUP(B17,[2]RETAIL!$B$8:$O$63,5,0),0)-IFERROR(IF(B17=100873,VLOOKUP("MARZO",[2]RETAIL!$B$78:$C$91,2,0),0),0) -> 26 | L17: 23 | M17: =IFERROR(VLOOKUP(B17,[2]RETAIL!$B$8:$O$63,6,0),0)-IFERROR(IF(B17=100873,VLOOKUP("ABRIL",[2]RETAIL!$B$78:$C$91,2,0),0),0) -> 25 | N17: 23 | O17: =IFERROR(VLOOKUP(B17,[2]RETAIL!$B$8:$O$63,7,0),0)-IFERROR(IF(B17=100873,VLOOKUP("MAYO",[2]RETAIL!$B$78:$C$91,2,0),0),0) -> 11 | P17: 23 | Q17: =IFERROR(VLOOKUP(B17,[2]RETAIL!$B$8:$O$63,8,0),0)-IFERROR(IF(B17=100873,VLOOKUP("JUNIO",[2]RETAIL!$B$78:$C$91,2,0),0),0) -> 27 | S17: =IFERROR(VLOOKUP(B17,[2]RETAIL!$B$8:$O$63,9,0),0)-IFERROR(IF(B17=100873,VLOOKUP("JULIO",[2]RETAIL!$B$78:$C$91,2,0),0),0) -> 0 | U17: =IFERROR(VLOOKUP(B17,[2]RETAIL!$B$8:$O$63,10,0),0)-IFERROR(IF(B17=100873,VLOOKUP("AGOSTO",[2]RETAIL!$B$78:$C$91,2,0),0),0) -> 0 | W17: =IFERROR(VLOOKUP(B17,[2]RETAIL!$B$8:$O$63,11,0),0)-IFERROR(IF(B17=100873,VLOOKUP("SEPTIEMBRE",[2]RETAIL!$B$78:$C$91,2,0),0),0) -> 0 | Y17: =IFERROR(VLOOKUP(B17,[2]RETAIL!$B$8:$O$63,12,0),0)-IFERROR(IF(B17=100873,VLOOKUP("OCTUBRE",[2]RETAIL!$B$78:$C$91,2,0),0),0) -> 0 | AA17: =IFERROR(VLOOKUP(B17,[2]RETAIL!$B$8:$O$63,13,0),0)-IFERROR(IF(B17=100873,VLOOKUP("NOVIEMBRE",[2]RETAIL!$B$78:$C$91,2,0),0),0) -> 0 | AC17: =IFERROR(VLOOKUP(B17,[2]RETAIL!$B$8:$O$63,14,0),0)-IFERROR(IF(B17=100873,VLOOKUP("DICIEMBRE",[2]RETAIL!$B$78:$C$91,2,0),0),0) -> 0 | AD17: =IF($AD$2="ENERO",F17,IF($AD$2="FEBRERO",F17+H17,IF($AD$2="MARZO",F17+H17+J17,IF($AD$2="ABRIL",F17+H17+J17+L17,IF($AD$2="MAYO",F17+H17+J17+L17+N17,IF($AD$2="JUNIO",F17+H17+J17+L17+N17+P17,IF($AD$2="JULIO",F17+H17+J17+L17+N17+P17+R17,IF($AD$2="AGOSTO",F17+H17+J17+L17+N17+P17+R17+T17,IF($AD$2="SEPTIEMBRE",F17+H17+J17+L17+N17+P17+R17+T17+V17,IF($AD$2="OCTUBRE",F17+H17+J17+L17+N17+P17+R17+T17+V17+X17,IF($AD$2="NOVIEMBRE",F17+H17+J17+L17+N17+P17+R17+T17+V17+X17+Z17,IF($AD$2="DICIEMBRE",F17+H17+J17+L17+N17+P17+R17+T17+V17+X17+Z17+AB17,"")))))))))))) -> 135 | AE17: =IFERROR(IF($AD$2="ENERO",G17,IF($AD$2="FEBRERO",G17+I17,IF($AD$2="MARZO",G17+I17+K17,IF($AD$2="ABRIL",G17+I17+K17+M17,IF($AD$2="MAYO",G17+I17+K17+M17+O17,IF($AD$2="JUNIO",G17+I17+K17+M17+O17+Q17,IF($AD$2="JULIO",G17+I17+K17+M17+O17+Q17+S17,IF($AD$2="AGOSTO",G17+I17+K17+M17+O17+Q17+S17+U17,IF($AD$2="SEPTIEMBRE",G17+I17+K17+M17+O17+Q17+S17+U17+W17,IF($AD$2="OCTUBRE",G17+I17+K17+M17+O17+Q17+S17+U17+W17+Y17,IF($AD$2="NOVIEMBRE",G17+I17+K17+M17+O17+Q17+S17+U17+W17+Y17+AA17,IF($AD$2="DICIEMBRE",G17+I17+K17+M17+O17+Q17+S17+U17+W17+Y17+AA17+AC17,"")))))))))))),0) -> 122 | AF17: =IFERROR((AE17/AD17),0) -> 0.9037037 | AG17: =+F17+H17+J17+L17+N17+P17+R17+T17+V17+X17+Z17+AB17 -> 135 | AH17: =IFERROR(IF($AD$2="ENERO",G17,IF($AD$2="FEBRERO",G17+I17,IF($AD$2="MARZO",G17+I17+K17,IF($AD$2="ABRIL",G17+I17+K17+M17,IF($AD$2="MAYO",G17+I17+K17+M17+O17,IF($AD$2="JUNIO",G17+I17+K17+M17+O17+Q17,IF($AD$2="JULIO",G17+I17+K17+M17+O17+Q17+S17,IF($AD$2="AGOSTO",G17+I17+K17+M17+O17+Q17+S17+U17,IF($AD$2="SEPTIEMBRE",G17+I17+K17+M17+O17+Q17+S17+U17+W17,IF($AD$2="OCTUBRE",G17+I17+K17+M17+O17+Q17+S17+U17+W17+Y17,IF($AD$2="NOVIEMBRE",G17+I17+K17+M17+O17+Q17+S17+U17+W17+Y17+AA17,IF($AD$2="DICIEMBRE",G17+I17+K17+M17+O17+Q17+S17+U17+W17+Y17+AA17+AC17,"")))))))))))),0) -> 122 | AI17: =IFERROR((AH17/AG17),0) -> 0.9037037 | AJ17: =IFERROR(IF($AJ$3="Q1",F17+H17+J17,IF($AJ$3="Q2",L17+N17++P17,IF($AJ$3="Q3",R17+T17+V17,IF($AJ$3="Q4",X17+Z17+AB17,0)))),0) -> 66 | AK17: =IFERROR(IF($AJ$3="Q1",G17+I17+K17,IF($AJ$3="Q2",M17+O17++Q17,IF($AJ$3="Q3",S17+U17+W17,IF($AJ$3="Q4",Y17+AA17+AC17,0)))),0) -> 59 | AL17: =IFERROR((AK17/AJ17),0) -> 0.89393939 | AM17: =IFERROR(IF($AM$3="S 1",F17+H17+J17+L17+N17++P17,IF($AM$3="S 2",R17+T17+V17+X17+Z17+AB17,0)),0) -> 0 | AN17: =IFERROR(IF($AM$3="S 1",G17+I17+K17+M17+O17+Q17,IF($AM$3="S 2",S17+U17+W17+Y17+AA17+AC17,0)),0) -> 0 | AO17: =IFERROR((AN17/AM17),0) -> 0
A18: 3 | B18: 100418 | C18: FUENTEOLID | D18: 5570 | E18: Grupo Hidalgo | F18: 11 | G18: =IFERROR(VLOOKUP(B18,[2]RETAIL!$B$8:$O$63,3,0),0)-IFERROR(IF(B18=100873,VLOOKUP("ENERO",[2]RETAIL!$B$78:$C$91,2,0),0),0) -> 1 | H18: 11 | I18: =IFERROR(VLOOKUP(B18,[2]RETAIL!$B$8:$O$63,4,0),0)-IFERROR(IF(B18=100873,VLOOKUP("FEBRERO",[2]RETAIL!$B$78:$C$91,2,0),0),0) -> 14 | J18: 11 | K18: =IFERROR(VLOOKUP(B18,[2]RETAIL!$B$8:$O$63,5,0),0)-IFERROR(IF(B18=100873,VLOOKUP("MARZO",[2]RETAIL!$B$78:$C$91,2,0),0),0) -> 10 | L18: 11 | M18: =IFERROR(VLOOKUP(B18,[2]RETAIL!$B$8:$O$63,6,0),0)-IFERROR(IF(B18=100873,VLOOKUP("ABRIL",[2]RETAIL!$B$78:$C$91,2,0),0),0) -> 9 | N18: 12 | O18: =IFERROR(VLOOKUP(B18,[2]RETAIL!$B$8:$O$63,7,0),0)-IFERROR(IF(B18=100873,VLOOKUP("MAYO",[2]RETAIL!$B$78:$C$91,2,0),0),0) -> 6 | P18: 12 | Q18: =IFERROR(VLOOKUP(B18,[2]RETAIL!$B$8:$O$63,8,0),0)-IFERROR(IF(B18=100873,VLOOKUP("JUNIO",[2]RETAIL!$B$78:$C$91,2,0),0),0) -> 14 | S18: =IFERROR(VLOOKUP(B18,[2]RETAIL!$B$8:$O$63,9,0),0)-IFERROR(IF(B18=100873,VLOOKUP("JULIO",[2]RETAIL!$B$78:$C$91,2,0),0),0) -> 0 | U18: =IFERROR(VLOOKUP(B18,[2]RETAIL!$B$8:$O$63,10,0),0)-IFERROR(IF(B18=100873,VLOOKUP("AGOSTO",[2]RETAIL!$B$78:$C$91,2,0),0),0) -> 0 | W18: =IFERROR(VLOOKUP(B18,[2]RETAIL!$B$8:$O$63,11,0),0)-IFERROR(IF(B18=100873,VLOOKUP("SEPTIEMBRE",[2]RETAIL!$B$78:$C$91,2,0),0),0) -> 0 | Y18: =IFERROR(VLOOKUP(B18,[2]RETAIL!$B$8:$O$63,12,0),0)-IFERROR(IF(B18=100873,VLOOKUP("OCTUBRE",[2]RETAIL!$B$78:$C$91,2,0),0),0) -> 0 | AA18: =IFERROR(VLOOKUP(B18,[2]RETAIL!$B$8:$O$63,13,0),0)-IFERROR(IF(B18=100873,VLOOKUP("NOVIEMBRE",[2]RETAIL!$B$78:$C$91,2,0),0),0) -> 0 | AC18: =IFERROR(VLOOKUP(B18,[2]RETAIL!$B$8:$O$63,14,0),0)-IFERROR(IF(B18=100873,VLOOKUP("DICIEMBRE",[2]RETAIL!$B$78:$C$91,2,0),0),0) -> 0 | AD18: =IF($AD$2="ENERO",F18,IF($AD$2="FEBRERO",F18+H18,IF($AD$2="MARZO",F18+H18+J18,IF($AD$2="ABRIL",F18+H18+J18+L18,IF($AD$2="MAYO",F18+H18+J18+L18+N18,IF($AD$2="JUNIO",F18+H18+J18+L18+N18+P18,IF($AD$2="JULIO",F18+H18+J18+L18+N18+P18+R18,IF($AD$2="AGOSTO",F18+H18+J18+L18+N18+P18+R18+T18,IF($AD$2="SEPTIEMBRE",F18+H18+J18+L18+N18+P18+R18+T18+V18,IF($AD$2="OCTUBRE",F18+H18+J18+L18+N18+P18+R18+T18+V18+X18,IF($AD$2="NOVIEMBRE",F18+H18+J18+L18+N18+P18+R18+T18+V18+X18+Z18,IF($AD$2="DICIEMBRE",F18+H18+J18+L18+N18+P18+R18+T18+V18+X18+Z18+AB18,"")))))))))))) -> 68 | AE18: =IFERROR(IF($AD$2="ENERO",G18,IF($AD$2="FEBRERO",G18+I18,IF($AD$2="MARZO",G18+I18+K18,IF($AD$2="ABRIL",G18+I18+K18+M18,IF($AD$2="MAYO",G18+I18+K18+M18+O18,IF($AD$2="JUNIO",G18+I18+K18+M18+O18+Q18,IF($AD$2="JULIO",G18+I18+K18+M18+O18+Q18+S18,IF($AD$2="AGOSTO",G18+I18+K18+M18+O18+Q18+S18+U18,IF($AD$2="SEPTIEMBRE",G18+I18+K18+M18+O18+Q18+S18+U18+W18,IF($AD$2="OCTUBRE",G18+I18+K18+M18+O18+Q18+S18+U18+W18+Y18,IF($AD$2="NOVIEMBRE",G18+I18+K18+M18+O18+Q18+S18+U18+W18+Y18+AA18,IF($AD$2="DICIEMBRE",G18+I18+K18+M18+O18+Q18+S18+U18+W18+Y18+AA18+AC18,"")))))))))))),0) -> 54 | AF18: =IFERROR((AH18/AD18),0) -> 0.79411765 | AG18: =+F18+H18+J18+L18+N18+P18+R18+T18+V18+X18+Z18+AB18 -> 68 | AH18: =IFERROR(IF($AD$2="ENERO",G18,IF($AD$2="FEBRERO",G18+I18,IF($AD$2="MARZO",G18+I18+K18,IF($AD$2="ABRIL",G18+I18+K18+M18,IF($AD$2="MAYO",G18+I18+K18+M18+O18,IF($AD$2="JUNIO",G18+I18+K18+M18+O18+Q18,IF($AD$2="JULIO",G18+I18+K18+M18+O18+Q18+S18,IF($AD$2="AGOSTO",G18+I18+K18+M18+O18+Q18+S18+U18,IF($AD$2="SEPTIEMBRE",G18+I18+K18+M18+O18+Q18+S18+U18+W18,IF($AD$2="OCTUBRE",G18+I18+K18+M18+O18+Q18+S18+U18+W18+Y18,IF($AD$2="NOVIEMBRE",G18+I18+K18+M18+O18+Q18+S18+U18+W18+Y18+AA18,IF($AD$2="DICIEMBRE",G18+I18+K18+M18+O18+Q18+S18+U18+W18+Y18+AA18+AC18,"")))))))))))),0) -> 54 | AI18: =IFERROR((AH18/AG18),0) -> 0.79411765 | AJ18: =IFERROR(IF($AJ$3="Q1",F18+H18+J18,IF($AJ$3="Q2",L18+N18++P18,IF($AJ$3="Q3",R18+T18+V18,IF($AJ$3="Q4",X18+Z18+AB18,0)))),0) -> 33 | AK18: =IFERROR(IF($AJ$3="Q1",G18+I18+K18,IF($AJ$3="Q2",M18+O18++Q18,IF($AJ$3="Q3",S18+U18+W18,IF($AJ$3="Q4",Y18+AA18+AC18,0)))),0) -> 25 | AL18: =IFERROR((AK18/AJ18),0) -> 0.75757576 | AM18: =IFERROR(IF($AM$3="S 1",F18+H18+J18+L18+N18++P18,IF($AM$3="S 2",R18+T18+V18+X18+Z18+AB18,0)),0) -> 0 | AN18: =IFERROR(IF($AM$3="S 1",G18+I18+K18+M18+O18+Q18,IF($AM$3="S 2",S18+U18+W18+Y18+AA18+AC18,0)),0) -> 0 | AO18: =IFERROR((AN18/AM18),0) -> 0
A19: 3 | B19: 100730 | C19: ADLER MOTOR | D19: 20285 | E19: Grupo Colmenar | F19: 18 | G19: =IFERROR(VLOOKUP(B19,[2]RETAIL!$B$8:$O$63,3,0),0)-IFERROR(IF(B19=100873,VLOOKUP("ENERO",[2]RETAIL!$B$78:$C$91,2,0),0),0) -> 11 | H19: 18 | I19: =IFERROR(VLOOKUP(B19,[2]RETAIL!$B$8:$O$63,4,0),0)-IFERROR(IF(B19=100873,VLOOKUP("FEBRERO",[2]RETAIL!$B$78:$C$91,2,0),0),0) -> 19 | J19: 18 | K19: =IFERROR(VLOOKUP(B19,[2]RETAIL!$B$8:$O$63,5,0),0)-IFERROR(IF(B19=100873,VLOOKUP("MARZO",[2]RETAIL!$B$78:$C$91,2,0),0),0) -> 18 | L19: 18 | M19: =IFERROR(VLOOKUP(B19,[2]RETAIL!$B$8:$O$63,6,0),0)-IFERROR(IF(B19=100873,VLOOKUP("ABRIL",[2]RETAIL!$B$78:$C$91,2,0),0),0) -> 9 | N19: 18 | O19: =IFERROR(VLOOKUP(B19,[2]RETAIL!$B$8:$O$63,7,0),0)-IFERROR(IF(B19=100873,VLOOKUP("MAYO",[2]RETAIL!$B$78:$C$91,2,0),0),0) -> 16 | P19: 19 | Q19: =IFERROR(VLOOKUP(B19,[2]RETAIL!$B$8:$O$63,8,0),0)-IFERROR(IF(B19=100873,VLOOKUP("JUNIO",[2]RETAIL!$B$78:$C$91,2,0),0),0) -> 25 | S19: =IFERROR(VLOOKUP(B19,[2]RETAIL!$B$8:$O$63,9,0),0)-IFERROR(IF(B19=100873,VLOOKUP("JULIO",[2]RETAIL!$B$78:$C$91,2,0),0),0) -> 0 | U19: =IFERROR(VLOOKUP(B19,[2]RETAIL!$B$8:$O$63,10,0),0)-IFERROR(IF(B19=100873,VLOOKUP("AGOSTO",[2]RETAIL!$B$78:$C$91,2,0),0),0) -> 0 | W19: =IFERROR(VLOOKUP(B19,[2]RETAIL!$B$8:$O$63,11,0),0)-IFERROR(IF(B19=100873,VLOOKUP("SEPTIEMBRE",[2]RETAIL!$B$78:$C$91,2,0),0),0) -> 0 | Y19: =IFERROR(VLOOKUP(B19,[2]RETAIL!$B$8:$O$63,12,0),0)-IFERROR(IF(B19=100873,VLOOKUP("OCTUBRE",[2]RETAIL!$B$78:$C$91,2,0),0),0) -> 0 | AA19: =IFERROR(VLOOKUP(B19,[2]RETAIL!$B$8:$O$63,13,0),0)-IFERROR(IF(B19=100873,VLOOKUP("NOVIEMBRE",[2]RETAIL!$B$78:$C$91,2,0),0),0) -> 0 | AC19: =IFERROR(VLOOKUP(B19,[2]RETAIL!$B$8:$O$63,14,0),0)-IFERROR(IF(B19=100873,VLOOKUP("DICIEMBRE",[2]RETAIL!$B$78:$C$91,2,0),0),0) -> 0 | AD19: =IF($AD$2="ENERO",F19,IF($AD$2="FEBRERO",F19+H19,IF($AD$2="MARZO",F19+H19+J19,IF($AD$2="ABRIL",F19+H19+J19+L19,IF($AD$2="MAYO",F19+H19+J19+L19+N19,IF($AD$2="JUNIO",F19+H19+J19+L19+N19+P19,IF($AD$2="JULIO",F19+H19+J19+L19+N19+P19+R19,IF($AD$2="AGOSTO",F19+H19+J19+L19+N19+P19+R19+T19,IF($AD$2="SEPTIEMBRE",F19+H19+J19+L19+N19+P19+R19+T19+V19,IF($AD$2="OCTUBRE",F19+H19+J19+L19+N19+P19+R19+T19+V19+X19,IF($AD$2="NOVIEMBRE",F19+H19+J19+L19+N19+P19+R19+T19+V19+X19+Z19,IF($AD$2="DICIEMBRE",F19+H19+J19+L19+N19+P19+R19+T19+V19+X19+Z19+AB19,"")))))))))))) -> 109 | AE19: =IFERROR(IF($AD$2="ENERO",G19,IF($AD$2="FEBRERO",G19+I19,IF($AD$2="MARZO",G19+I19+K19,IF($AD$2="ABRIL",G19+I19+K19+M19,IF($AD$2="MAYO",G19+I19+K19+M19+O19,IF($AD$2="JUNIO",G19+I19+K19+M19+O19+Q19,IF($AD$2="JULIO",G19+I19+K19+M19+O19+Q19+S19,IF($AD$2="AGOSTO",G19+I19+K19+M19+O19+Q19+S19+U19,IF($AD$2="SEPTIEMBRE",G19+I19+K19+M19+O19+Q19+S19+U19+W19,IF($AD$2="OCTUBRE",G19+I19+K19+M19+O19+Q19+S19+U19+W19+Y19,IF($AD$2="NOVIEMBRE",G19+I19+K19+M19+O19+Q19+S19+U19+W19+Y19+AA19,IF($AD$2="DICIEMBRE",G19+I19+K19+M19+O19+Q19+S19+U19+W19+Y19+AA19+AC19,"")))))))))))),0) -> 98 | AF19: =IFERROR((AE19/AD19),0) -> 0.89908257 | AG19: =+F19+H19+J19+L19+N19+P19+R19+T19+V19+X19+Z19+AB19 -> 109 | AH19: =IFERROR(IF($AD$2="ENERO",G19,IF($AD$2="FEBRERO",G19+I19,IF($AD$2="MARZO",G19+I19+K19,IF($AD$2="ABRIL",G19+I19+K19+M19,IF($AD$2="MAYO",G19+I19+K19+M19+O19,IF($AD$2="JUNIO",G19+I19+K19+M19+O19+Q19,IF($AD$2="JULIO",G19+I19+K19+M19+O19+Q19+S19,IF($AD$2="AGOSTO",G19+I19+K19+M19+O19+Q19+S19+U19,IF($AD$2="SEPTIEMBRE",G19+I19+K19+M19+O19+Q19+S19+U19+W19,IF($AD$2="OCTUBRE",G19+I19+K19+M19+O19+Q19+S19+U19+W19+Y19,IF($AD$2="NOVIEMBRE",G19+I19+K19+M19+O19+Q19+S19+U19+W19+Y19+AA19,IF($AD$2="DICIEMBRE",G19+I19+K19+M19+O19+Q19+S19+U19+W19+Y19+AA19+AC19,"")))))))))))),0) -> 98 | AI19: =IFERROR((AH19/AG19),0) -> 0.89908257 | AJ19: =IFERROR(IF($AJ$3="Q1",F19+H19+J19,IF($AJ$3="Q2",L19+N19++P19,IF($AJ$3="Q3",R19+T19+V19,IF($AJ$3="Q4",X19+Z19+AB19,0)))),0) -> 54 | AK19: =IFERROR(IF($AJ$3="Q1",G19+I19+K19,IF($AJ$3="Q2",M19+O19++Q19,IF($AJ$3="Q3",S19+U19+W19,IF($AJ$3="Q4",Y19+AA19+AC19,0)))),0) -> 48 | AL19: =IFERROR((AK19/AJ19),0) -> 0.88888889 | AM19: =IFERROR(IF($AM$3="S 1",F19+H19+J19+L19+N19++P19,IF($AM$3="S 2",R19+T19+V19+X19+Z19+AB19,0)),0) -> 0 | AN19: =IFERROR(IF($AM$3="S 1",G19+I19+K19+M19+O19+Q19,IF($AM$3="S 2",S19+U19+W19+Y19+AA19+AC19,0)),0) -> 0 | AO19: =IFERROR((AN19/AM19),0) -> 0
A20: 3 | B20: 100764 | C20: ALBAMOCION | D20: 41672 | E20: Grupo Fam. Martinez | F20: 19 | G20: =IFERROR(VLOOKUP(B20,[2]RETAIL!$B$8:$O$63,3,0),0)-IFERROR(IF(B20=100873,VLOOKUP("ENERO",[2]RETAIL!$B$78:$C$91,2,0),0),0) -> 17 | H20: 19 | I20: =IFERROR(VLOOKUP(B20,[2]RETAIL!$B$8:$O$63,4,0),0)-IFERROR(IF(B20=100873,VLOOKUP("FEBRERO",[2]RETAIL!$B$78:$C$91,2,0),0),0) -> 21 | J20: 19 | K20: =IFERROR(VLOOKUP(B20,[2]RETAIL!$B$8:$O$63,5,0),0)-IFERROR(IF(B20=100873,VLOOKUP("MARZO",[2]RETAIL!$B$78:$C$91,2,0),0),0) -> 14 | L20: 20 | M20: =IFERROR(VLOOKUP(B20,[2]RETAIL!$B$8:$O$63,6,0),0)-IFERROR(IF(B20=100873,VLOOKUP("ABRIL",[2]RETAIL!$B$78:$C$91,2,0),0),0) -> 13 | N20: 20 | O20: =IFERROR(VLOOKUP(B20,[2]RETAIL!$B$8:$O$63,7,0),0)-IFERROR(IF(B20=100873,VLOOKUP("MAYO",[2]RETAIL!$B$78:$C$91,2,0),0),0) -> 19 | P20: 20 | Q20: =IFERROR(VLOOKUP(B20,[2]RETAIL!$B$8:$O$63,8,0),0)-IFERROR(IF(B20=100873,VLOOKUP("JUNIO",[2]RETAIL!$B$78:$C$91,2,0),0),0) -> 37 | S20: =IFERROR(VLOOKUP(B20,[2]RETAIL!$B$8:$O$63,9,0),0)-IFERROR(IF(B20=100873,VLOOKUP("JULIO",[2]RETAIL!$B$78:$C$91,2,0),0),0) -> 0 | U20: =IFERROR(VLOOKUP(B20,[2]RETAIL!$B$8:$O$63,10,0),0)-IFERROR(IF(B20=100873,VLOOKUP("AGOSTO",[2]RETAIL!$B$78:$C$91,2,0),0),0) -> 0 | W20: =IFERROR(VLOOKUP(B20,[2]RETAIL!$B$8:$O$63,11,0),0)-IFERROR(IF(B20=100873,VLOOKUP("SEPTIEMBRE",[2]RETAIL!$B$78:$C$91,2,0),0),0) -> 0 | Y20: =IFERROR(VLOOKUP(B20,[2]RETAIL!$B$8:$O$63,12,0),0)-IFERROR(IF(B20=100873,VLOOKUP("OCTUBRE",[2]RETAIL!$B$78:$C$91,2,0),0),0) -> 0 | AA20: =IFERROR(VLOOKUP(B20,[2]RETAIL!$B$8:$O$63,13,0),0)-IFERROR(IF(B20=100873,VLOOKUP("NOVIEMBRE",[2]RETAIL!$B$78:$C$91,2,0),0),0) -> 0 | AC20: =IFERROR(VLOOKUP(B20,[2]RETAIL!$B$8:$O$63,14,0),0)-IFERROR(IF(B20=100873,VLOOKUP("DICIEMBRE",[2]RETAIL!$B$78:$C$91,2,0),0),0) -> 0 | AD20: =IF($AD$2="ENERO",F20,IF($AD$2="FEBRERO",F20+H20,IF($AD$2="MARZO",F20+H20+J20,IF($AD$2="ABRIL",F20+H20+J20+L20,IF($AD$2="MAYO",F20+H20+J20+L20+N20,IF($AD$2="JUNIO",F20+H20+J20+L20+N20+P20,IF($AD$2="JULIO",F20+H20+J20+L20+N20+P20+R20,IF($AD$2="AGOSTO",F20+H20+J20+L20+N20+P20+R20+T20,IF($AD$2="SEPTIEMBRE",F20+H20+J20+L20+N20+P20+R20+T20+V20,IF($AD$2="OCTUBRE",F20+H20+J20+L20+N20+P20+R20+T20+V20+X20,IF($AD$2="NOVIEMBRE",F20+H20+J20+L20+N20+P20+R20+T20+V20+X20+Z20,IF($AD$2="DICIEMBRE",F20+H20+J20+L20+N20+P20+R20+T20+V20+X20+Z20+AB20,"")))))))))))) -> 117 | AE20: =IFERROR(IF($AD$2="ENERO",G20,IF($AD$2="FEBRERO",G20+I20,IF($AD$2="MARZO",G20+I20+K20,IF($AD$2="ABRIL",G20+I20+K20+M20,IF($AD$2="MAYO",G20+I20+K20+M20+O20,IF($AD$2="JUNIO",G20+I20+K20+M20+O20+Q20,IF($AD$2="JULIO",G20+I20+K20+M20+O20+Q20+S20,IF($AD$2="AGOSTO",G20+I20+K20+M20+O20+Q20+S20+U20,IF($AD$2="SEPTIEMBRE",G20+I20+K20+M20+O20+Q20+S20+U20+W20,IF($AD$2="OCTUBRE",G20+I20+K20+M20+O20+Q20+S20+U20+W20+Y20,IF($AD$2="NOVIEMBRE",G20+I20+K20+M20+O20+Q20+S20+U20+W20+Y20+AA20,IF($AD$2="DICIEMBRE",G20+I20+K20+M20+O20+Q20+S20+U20+W20+Y20+AA20+AC20,"")))))))))))),0) -> 121 | AF20: =IFERROR((AE20/AD20),0) -> 1.034188 | AG20: =+F20+H20+J20+L20+N20+P20+R20+T20+V20+X20+Z20+AB20 -> 117 | AH20: =IFERROR(IF($AD$2="ENERO",G20,IF($AD$2="FEBRERO",G20+I20,IF($AD$2="MARZO",G20+I20+K20,IF($AD$2="ABRIL",G20+I20+K20+M20,IF($AD$2="MAYO",G20+I20+K20+M20+O20,IF($AD$2="JUNIO",G20+I20+K20+M20+O20+Q20,IF($AD$2="JULIO",G20+I20+K20+M20+O20+Q20+S20,IF($AD$2="AGOSTO",G20+I20+K20+M20+O20+Q20+S20+U20,IF($AD$2="SEPTIEMBRE",G20+I20+K20+M20+O20+Q20+S20+U20+W20,IF($AD$2="OCTUBRE",G20+I20+K20+M20+O20+Q20+S20+U20+W20+Y20,IF($AD$2="NOVIEMBRE",G20+I20+K20+M20+O20+Q20+S20+U20+W20+Y20+AA20,IF($AD$2="DICIEMBRE",G20+I20+K20+M20+O20+Q20+S20+U20+W20+Y20+AA20+AC20,"")))))))))))),0) -> 121 | AI20: =IFERROR((AH20/AG20),0) -> 1.034188 | AJ20: =IFERROR(IF($AJ$3="Q1",F20+H20+J20,IF($AJ$3="Q2",L20+N20++P20,IF($AJ$3="Q3",R20+T20+V20,IF($AJ$3="Q4",X20+Z20+AB20,0)))),0) -> 57 | AK20: =IFERROR(IF($AJ$3="Q1",G20+I20+K20,IF($AJ$3="Q2",M20+O20++Q20,IF($AJ$3="Q3",S20+U20+W20,IF($AJ$3="Q4",Y20+AA20+AC20,0)))),0) -> 52 | AL20: =IFERROR((AK20/AJ20),0) -> 0.9122807 | AM20: =IFERROR(IF($AM$3="S 1",F20+H20+J20+L20+N20++P20,IF($AM$3="S 2",R20+T20+V20+X20+Z20+AB20,0)),0) -> 0 | AN20: =IFERROR(IF($AM$3="S 1",G20+I20+K20+M20+O20+Q20,IF($AM$3="S 2",S20+U20+W20+Y20+AA20+AC20,0)),0) -> 0 | AO20: =IFERROR((AN20/AM20),0) -> 0
B21: TOTAL DISTRITO 3 | F21: =SUM(F16:F20) -> 77 | G21: =SUM(G16:G20) -> 42 | H21: =SUM(H16:H20) -> 77 | I21: =SUM(I16:I20) -> 81 | J21: =SUM(J16:J20) -> 77 | K21: =SUM(K16:K20) -> 76 | L21: =SUM(L16:L20) -> 80 | M21: =SUM(M16:M20) -> 62 | ... AC21: =SUM(AC16:AC20) -> 0 | AD21: =IF($AD$2="ENERO",F21,IF($AD$2="FEBRERO",F21+H21,IF($AD$2="MARZO",F21+H21+J21,IF($AD$2="ABRIL",F21+H21+J21+L21,IF($AD$2="MAYO",F21+H21+J21+L21+N21,IF($AD$2="JUNIO",F21+H21+J21+L21+N21+P21,IF($AD$2="JULIO",F21+H21+J21+L21+N21+P21+R21,IF($AD$2="AGOSTO",F21+H21+J21+L21+N21+P21+R21+T21,IF($AD$2="SEPTIEMBRE",F21+H21+J21+L21+N21+P21+R21+T21+V21,IF($AD$2="OCTUBRE",F21+H21+J21+L21+N21+P21+R21+T21+V21+X21,IF($AD$2="NOVIEMBRE",F21+H21+J21+L21+N21+P21+R21+T21+V21+X21+Z21,IF($AD$2="DICIEMBRE",F21+H21+J21+L21+N21+P21+R21+T21+V21+X21+Z21+AB21,"")))))))))))) -> 474 | AE21: =IF($AD$2="ENERO",G21,IF($AD$2="FEBRERO",G21+I21,IF($AD$2="MARZO",G21+I21+K21,IF($AD$2="ABRIL",G21+I21+K21+M21,IF($AD$2="MAYO",G21+I21+K21+M21+O21,IF($AD$2="JUNIO",G21+I21+K21+M21+O21+Q21,IF($AD$2="JULIO",G21+I21+K21+M21+O21+Q21+S21,IF($AD$2="AGOSTO",G21+I21+K21+M21+O21+Q21+S21+U21,IF($AD$2="SEPTIEMBRE",G21+I21+K21+M21+O21+Q21+S21+U21+W21,IF($AD$2="OCTUBRE",G21+I21+K21+M21+O21+Q21+S21+U21+W21+Y21,IF($AD$2="NOVIEMBRE",G21+I21+K21+M21+O21+Q21+S21+U21+W21+Y21+AA21,IF($AD$2="DICIEMBRE",G21+I21+K21+M21+O21+Q21+S21+U21+W21+Y21+AA21+AC21,"")))))))))))) -> 440 | AF21: =IFERROR((AE21/AD21),0) -> 0.92827004 | AG21: =+F21+H21+J21+L21+N21+P21+R21+T21+V21+X21+Z21+AB21 -> 474 | AH21: =IF($AD$2="ENERO",G21,IF($AD$2="FEBRERO",G21+I21,IF($AD$2="MARZO",G21+I21+K21,IF($AD$2="ABRIL",G21+I21+K21+M21,IF($AD$2="MAYO",G21+I21+K21+M21+O21,IF($AD$2="JUNIO",G21+I21+K21+M21+O21+Q21,IF($AD$2="JULIO",G21+I21+K21+M21+O21+Q21+S21,IF($AD$2="AGOSTO",G21+I21+K21+M21+O21+Q21+S21+U21,IF($AD$2="SEPTIEMBRE",G21+I21+K21+M21+O21+Q21+S21+U21+W21,IF($AD$2="OCTUBRE",G21+I21+K21+M21+O21+Q21+S21+U21+W21+Y21,IF($AD$2="NOVIEMBRE",G21+I21+K21+M21+O21+Q21+S21+U21+W21+Y21+AA21,IF($AD$2="DICIEMBRE",G21+I21+K21+M21+O21+Q21+S21+U21+W21+Y21+AA21+AC21,"")))))))))))) -> 440 | AI21: =IFERROR((AH21/AG21),0) -> 0.92827004 | AJ21: =IFERROR(IF($AJ$3="Q1",F21+H21+J21,IF($AJ$3="Q2",L21+N21++P21,IF($AJ$3="Q3",R21+T21+V21,IF($AJ$3="Q4",X21+Z21+AB21,0)))),0) -> 231 | AK21: =IFERROR(IF($AJ$3="Q1",G21+I21+K21,IF($AJ$3="Q2",M21+O21++Q21,IF($AJ$3="Q3",S21+U21+W21,IF($AJ$3="Q4",Y21+AA21+AC21,0)))),0) -> 199 | AL21: =IFERROR((AK21/AJ21),0) -> 0.86147186 | AM21: =IFERROR(IF($AM$3="S 1",F21+H21+J21+L21+N21++P21,IF($AM$3="S 2",R21+T21+V21+X21+Z21+AB21,0)),0) -> 0 | AN21: =IFERROR(IF($AM$3="S 1",G21+I21+K21+M21+O21+Q21,IF($AM$3="S 2",S21+U21+W21+Y21+AA21+AC21,0)),0) -> 0 | AO21: =IFERROR((AN21/AM21),0) -> 0
A22: 4 | B22: 100120 | C22: AUTOGAL | D22: 1211 | E22: Autogal | F22: 7 | G22: =IFERROR(VLOOKUP(B22,[2]RETAIL!$B$8:$O$63,3,0),0)-IFERROR(IF(B22=100873,VLOOKUP("ENERO",[2]RETAIL!$B$78:$C$91,2,0),0),0) -> 0 | H22: 7 | I22: =IFERROR(VLOOKUP(B22,[2]RETAIL!$B$8:$O$63,4,0),0)-IFERROR(IF(B22=100873,VLOOKUP("FEBRERO",[2]RETAIL!$B$78:$C$91,2,0),0),0) -> 3 | J22: 7 | K22: =IFERROR(VLOOKUP(B22,[2]RETAIL!$B$8:$O$63,5,0),0)-IFERROR(IF(B22=100873,VLOOKUP("MARZO",[2]RETAIL!$B$78:$C$91,2,0),0),0) -> 4 | L22: 7 | M22: =IFERROR(VLOOKUP(B22,[2]RETAIL!$B$8:$O$63,6,0),0)-IFERROR(IF(B22=100873,VLOOKUP("ABRIL",[2]RETAIL!$B$78:$C$91,2,0),0),0) -> 5 | N22: 7 | O22: =IFERROR(VLOOKUP(B22,[2]RETAIL!$B$8:$O$63,7,0),0)-IFERROR(IF(B22=100873,VLOOKUP("MAYO",[2]RETAIL!$B$78:$C$91,2,0),0),0) -> 10 | P22: 7 | Q22: =IFERROR(VLOOKUP(B22,[2]RETAIL!$B$8:$O$63,8,0),0)-IFERROR(IF(B22=100873,VLOOKUP("JUNIO",[2]RETAIL!$B$78:$C$91,2,0),0),0) -> 10 | S22: =IFERROR(VLOOKUP(B22,[2]RETAIL!$B$8:$O$63,9,0),0)-IFERROR(IF(B22=100873,VLOOKUP("JULIO",[2]RETAIL!$B$78:$C$91,2,0),0),0) -> 0 | U22: =IFERROR(VLOOKUP(B22,[2]RETAIL!$B$8:$O$63,10,0),0)-IFERROR(IF(B22=100873,VLOOKUP("AGOSTO",[2]RETAIL!$B$78:$C$91,2,0),0),0) -> 0 | W22: =IFERROR(VLOOKUP(B22,[2]RETAIL!$B$8:$O$63,11,0),0)-IFERROR(IF(B22=100873,VLOOKUP("SEPTIEMBRE",[2]RETAIL!$B$78:$C$91,2,0),0),0) -> 0 | Y22: =IFERROR(VLOOKUP(B22,[2]RETAIL!$B$8:$O$63,12,0),0)-IFERROR(IF(B22=100873,VLOOKUP("OCTUBRE",[2]RETAIL!$B$78:$C$91,2,0),0),0) -> 0 | AA22: =IFERROR(VLOOKUP(B22,[2]RETAIL!$B$8:$O$63,13,0),0)-IFERROR(IF(B22=100873,VLOOKUP("NOVIEMBRE",[2]RETAIL!$B$78:$C$91,2,0),0),0) -> 0 | AC22: =IFERROR(VLOOKUP(B22,[2]RETAIL!$B$8:$O$63,14,0),0)-IFERROR(IF(B22=100873,VLOOKUP("DICIEMBRE",[2]RETAIL!$B$78:$C$91,2,0),0),0) -> 0 | AD22: =IF($AD$2="ENERO",F22,IF($AD$2="FEBRERO",F22+H22,IF($AD$2="MARZO",F22+H22+J22,IF($AD$2="ABRIL",F22+H22+J22+L22,IF($AD$2="MAYO",F22+H22+J22+L22+N22,IF($AD$2="JUNIO",F22+H22+J22+L22+N22+P22,IF($AD$2="JULIO",F22+H22+J22+L22+N22+P22+R22,IF($AD$2="AGOSTO",F22+H22+J22+L22+N22+P22+R22+T22,IF($AD$2="SEPTIEMBRE",F22+H22+J22+L22+N22+P22+R22+T22+V22,IF($AD$2="OCTUBRE",F22+H22+J22+L22+N22+P22+R22+T22+V22+X22,IF($AD$2="NOVIEMBRE",F22+H22+J22+L22+N22+P22+R22+T22+V22+X22+Z22,IF($AD$2="DICIEMBRE",F22+H22+J22+L22+N22+P22+R22+T22+V22+X22+Z22+AB22,"")))))))))))) -> 42 | AE22: =IFERROR(IF($AD$2="ENERO",G22,IF($AD$2="FEBRERO",G22+I22,IF($AD$2="MARZO",G22+I22+K22,IF($AD$2="ABRIL",G22+I22+K22+M22,IF($AD$2="MAYO",G22+I22+K22+M22+O22,IF($AD$2="JUNIO",G22+I22+K22+M22+O22+Q22,IF($AD$2="JULIO",G22+I22+K22+M22+O22+Q22+S22,IF($AD$2="AGOSTO",G22+I22+K22+M22+O22+Q22+S22+U22,IF($AD$2="SEPTIEMBRE",G22+I22+K22+M22+O22+Q22+S22+U22+W22,IF($AD$2="OCTUBRE",G22+I22+K22+M22+O22+Q22+S22+U22+W22+Y22,IF($AD$2="NOVIEMBRE",G22+I22+K22+M22+O22+Q22+S22+U22+W22+Y22+AA22,IF($AD$2="DICIEMBRE",G22+I22+K22+M22+O22+Q22+S22+U22+W22+Y22+AA22+AC22,"")))))))))))),0) -> 32 | AF22: =IFERROR((AE22/AD22),0) -> 0.76190476 | AG22: =+F22+H22+J22+L22+N22+P22+R22+T22+V22+X22+Z22+AB22 -> 42 | AH22: =IFERROR(IF($AD$2="ENERO",G22,IF($AD$2="FEBRERO",G22+I22,IF($AD$2="MARZO",G22+I22+K22,IF($AD$2="ABRIL",G22+I22+K22+M22,IF($AD$2="MAYO",G22+I22+K22+M22+O22,IF($AD$2="JUNIO",G22+I22+K22+M22+O22+Q22,IF($AD$2="JULIO",G22+I22+K22+M22+O22+Q22+S22,IF($AD$2="AGOSTO",G22+I22+K22+M22+O22+Q22+S22+U22,IF($AD$2="SEPTIEMBRE",G22+I22+K22+M22+O22+Q22+S22+U22+W22,IF($AD$2="OCTUBRE",G22+I22+K22+M22+O22+Q22+S22+U22+W22+Y22,IF($AD$2="NOVIEMBRE",G22+I22+K22+M22+O22+Q22+S22+U22+W22+Y22+AA22,IF($AD$2="DICIEMBRE",G22+I22+K22+M22+O22+Q22+S22+U22+W22+Y22+AA22+AC22,"")))))))))))),0) -> 32 | AI22: =IFERROR((AH22/AG22),0) -> 0.76190476 | AJ22: =IFERROR(IF($AJ$3="Q1",F22+H22+J22,IF($AJ$3="Q2",L22+N22++P22,IF($AJ$3="Q3",R22+T22+V22,IF($AJ$3="Q4",X22+Z22+AB22,0)))),0) -> 21 | AK22: =IFERROR(IF($AJ$3="Q1",G22+I22+K22,IF($AJ$3="Q2",M22+O22++Q22,IF($AJ$3="Q3",S22+U22+W22,IF($AJ$3="Q4",Y22+AA22+AC22,0)))),0) -> 7 | AL22: =IFERROR((AK22/AJ22),0) -> 0.33333333 | AM22: =IFERROR(IF($AM$3="S 1",F22+H22+J22+L22+N22++P22,IF($AM$3="S 2",R22+T22+V22+X22+Z22+AB22,0)),0) -> 0 | AN22: =IFERROR(IF($AM$3="S 1",G22+I22+K22+M22+O22+Q22,IF($AM$3="S 2",S22+U22+W22+Y22+AA22+AC22,0)),0) -> 0 | AO22: =IFERROR((AN22/AM22),0) -> 0 | BE22: =SUM(BE5:BE32) -> 0 | BG22: =SUM(BG5:BG32) -> 0 | BH22: =SUM(BH5:BH32) -> 0 | BJ22: =SUM(BJ5:BJ32) -> 0 | BO22: =SUM(BO5:BO32) -> 0
A23: 4 | B23: 100146 | C23: LUGAUTO | D23: 9785 | E23: Grupo Agrelo | F23: 7 | G23: =IFERROR(VLOOKUP(B23,[2]RETAIL!$B$8:$O$63,3,0),0)-IFERROR(IF(B23=100873,VLOOKUP("ENERO",[2]RETAIL!$B$78:$C$91,2,0),0),0) -> 12 | H23: 7 | I23: =IFERROR(VLOOKUP(B23,[2]RETAIL!$B$8:$O$63,4,0),0)-IFERROR(IF(B23=100873,VLOOKUP("FEBRERO",[2]RETAIL!$B$78:$C$91,2,0),0),0) -> 4 | J23: 7 | K23: =IFERROR(VLOOKUP(B23,[2]RETAIL!$B$8:$O$63,5,0),0)-IFERROR(IF(B23=100873,VLOOKUP("MARZO",[2]RETAIL!$B$78:$C$91,2,0),0),0) -> 0 | L23: 8 | M23: =IFERROR(VLOOKUP(B23,[2]RETAIL!$B$8:$O$63,6,0),0)-IFERROR(IF(B23=100873,VLOOKUP("ABRIL",[2]RETAIL!$B$78:$C$91,2,0),0),0) -> 5 | N23: 8 | O23: =IFERROR(VLOOKUP(B23,[2]RETAIL!$B$8:$O$63,7,0),0)-IFERROR(IF(B23=100873,VLOOKUP("MAYO",[2]RETAIL!$B$78:$C$91,2,0),0),0) -> 1 | P23: 8 | Q23: =IFERROR(VLOOKUP(B23,[2]RETAIL!$B$8:$O$63,8,0),0)-IFERROR(IF(B23=100873,VLOOKUP("JUNIO",[2]RETAIL!$B$78:$C$91,2,0),0),0) -> 3 | S23: =IFERROR(VLOOKUP(B23,[2]RETAIL!$B$8:$O$63,9,0),0)-IFERROR(IF(B23=100873,VLOOKUP("JULIO",[2]RETAIL!$B$78:$C$91,2,0),0),0) -> 0 | U23: =IFERROR(VLOOKUP(B23,[2]RETAIL!$B$8:$O$63,10,0),0)-IFERROR(IF(B23=100873,VLOOKUP("AGOSTO",[2]RETAIL!$B$78:$C$91,2,0),0),0) -> 0 | W23: =IFERROR(VLOOKUP(B23,[2]RETAIL!$B$8:$O$63,11,0),0)-IFERROR(IF(B23=100873,VLOOKUP("SEPTIEMBRE",[2]RETAIL!$B$78:$C$91,2,0),0),0) -> 0 | Y23: =IFERROR(VLOOKUP(B23,[2]RETAIL!$B$8:$O$63,12,0),0)-IFERROR(IF(B23=100873,VLOOKUP("OCTUBRE",[2]RETAIL!$B$78:$C$91,2,0),0),0) -> 0 | AA23: =IFERROR(VLOOKUP(B23,[2]RETAIL!$B$8:$O$63,13,0),0)-IFERROR(IF(B23=100873,VLOOKUP("NOVIEMBRE",[2]RETAIL!$B$78:$C$91,2,0),0),0) -> 0 | AC23: =IFERROR(VLOOKUP(B23,[2]RETAIL!$B$8:$O$63,14,0),0)-IFERROR(IF(B23=100873,VLOOKUP("DICIEMBRE",[2]RETAIL!$B$78:$C$91,2,0),0),0) -> 0 | AD23: =IF($AD$2="ENERO",F23,IF($AD$2="FEBRERO",F23+H23,IF($AD$2="MARZO",F23+H23+J23,IF($AD$2="ABRIL",F23+H23+J23+L23,IF($AD$2="MAYO",F23+H23+J23+L23+N23,IF($AD$2="JUNIO",F23+H23+J23+L23+N23+P23,IF($AD$2="JULIO",F23+H23+J23+L23+N23+P23+R23,IF($AD$2="AGOSTO",F23+H23+J23+L23+N23+P23+R23+T23,IF($AD$2="SEPTIEMBRE",F23+H23+J23+L23+N23+P23+R23+T23+V23,IF($AD$2="OCTUBRE",F23+H23+J23+L23+N23+P23+R23+T23+V23+X23,IF($AD$2="NOVIEMBRE",F23+H23+J23+L23+N23+P23+R23+T23+V23+X23+Z23,IF($AD$2="DICIEMBRE",F23+H23+J23+L23+N23+P23+R23+T23+V23+X23+Z23+AB23,"")))))))))))) -> 45 | AE23: =IFERROR(IF($AD$2="ENERO",G23,IF($AD$2="FEBRERO",G23+I23,IF($AD$2="MARZO",G23+I23+K23,IF($AD$2="ABRIL",G23+I23+K23+M23,IF($AD$2="MAYO",G23+I23+K23+M23+O23,IF($AD$2="JUNIO",G23+I23+K23+M23+O23+Q23,IF($AD$2="JULIO",G23+I23+K23+M23+O23+Q23+S23,IF($AD$2="AGOSTO",G23+I23+K23+M23+O23+Q23+S23+U23,IF($AD$2="SEPTIEMBRE",G23+I23+K23+M23+O23+Q23+S23+U23+W23,IF($AD$2="OCTUBRE",G23+I23+K23+M23+O23+Q23+S23+U23+W23+Y23,IF($AD$2="NOVIEMBRE",G23+I23+K23+M23+O23+Q23+S23+U23+W23+Y23+AA23,IF($AD$2="DICIEMBRE",G23+I23+K23+M23+O23+Q23+S23+U23+W23+Y23+AA23+AC23,"")))))))))))),0) -> 25 | AF23: =IFERROR((AE23/AD23),0) -> 0.55555556 | AG23: =+F23+H23+J23+L23+N23+P23+R23+T23+V23+X23+Z23+AB23 -> 45 | AH23: =IFERROR(IF($AD$2="ENERO",G23,IF($AD$2="FEBRERO",G23+I23,IF($AD$2="MARZO",G23+I23+K23,IF($AD$2="ABRIL",G23+I23+K23+M23,IF($AD$2="MAYO",G23+I23+K23+M23+O23,IF($AD$2="JUNIO",G23+I23+K23+M23+O23+Q23,IF($AD$2="JULIO",G23+I23+K23+M23+O23+Q23+S23,IF($AD$2="AGOSTO",G23+I23+K23+M23+O23+Q23+S23+U23,IF($AD$2="SEPTIEMBRE",G23+I23+K23+M23+O23+Q23+S23+U23+W23,IF($AD$2="OCTUBRE",G23+I23+K23+M23+O23+Q23+S23+U23+W23+Y23,IF($AD$2="NOVIEMBRE",G23+I23+K23+M23+O23+Q23+S23+U23+W23+Y23+AA23,IF($AD$2="DICIEMBRE",G23+I23+K23+M23+O23+Q23+S23+U23+W23+Y23+AA23+AC23,"")))))))))))),0) -> 25 | AI23: =IFERROR((AH23/AG23),0) -> 0.55555556 | AJ23: =IFERROR(IF($AJ$3="Q1",F23+H23+J23,IF($AJ$3="Q2",L23+N23++P23,IF($AJ$3="Q3",R23+T23+V23,IF($AJ$3="Q4",X23+Z23+AB23,0)))),0) -> 21 | AK23: =IFERROR(IF($AJ$3="Q1",G23+I23+K23,IF($AJ$3="Q2",M23+O23++Q23,IF($AJ$3="Q3",S23+U23+W23,IF($AJ$3="Q4",Y23+AA23+AC23,0)))),0) -> 16 | AL23: =IFERROR((AK23/AJ23),0) -> 0.76190476 | AM23: =IFERROR(IF($AM$3="S 1",F23+H23+J23+L23+N23++P23,IF($AM$3="S 2",R23+T23+V23+X23+Z23+AB23,0)),0) -> 0 | AN23: =IFERROR(IF($AM$3="S 1",G23+I23+K23+M23+O23+Q23,IF($AM$3="S 2",S23+U23+W23+Y23+AA23+AC23,0)),0) -> 0 | AO23: =IFERROR((AN23/AM23),0) -> 0
A24: 4 | B24: 100155 | C24: AUTOSA | D24: 1212 | E24: Grupo Autosa | F24: 10 | G24: =IFERROR(VLOOKUP(B24,[2]RETAIL!$B$8:$O$63,3,0),0)-IFERROR(IF(B24=100873,VLOOKUP("ENERO",[2]RETAIL!$B$78:$C$91,2,0),0),0) -> 5 | H24: 10 | I24: =IFERROR(VLOOKUP(B24,[2]RETAIL!$B$8:$O$63,4,0),0)-IFERROR(IF(B24=100873,VLOOKUP("FEBRERO",[2]RETAIL!$B$78:$C$91,2,0),0),0) -> 11 | J24: 10 | K24: =IFERROR(VLOOKUP(B24,[2]RETAIL!$B$8:$O$63,5,0),0)-IFERROR(IF(B24=100873,VLOOKUP("MARZO",[2]RETAIL!$B$78:$C$91,2,0),0),0) -> 15 | L24: 10 | M24: =IFERROR(VLOOKUP(B24,[2]RETAIL!$B$8:$O$63,6,0),0)-IFERROR(IF(B24=100873,VLOOKUP("ABRIL",[2]RETAIL!$B$78:$C$91,2,0),0),0) -> 11 | N24: 10 | O24: =IFERROR(VLOOKUP(B24,[2]RETAIL!$B$8:$O$63,7,0),0)-IFERROR(IF(B24=100873,VLOOKUP("MAYO",[2]RETAIL!$B$78:$C$91,2,0),0),0) -> 6 | P24: 10 | Q24: =IFERROR(VLOOKUP(B24,[2]RETAIL!$B$8:$O$63,8,0),0)-IFERROR(IF(B24=100873,VLOOKUP("JUNIO",[2]RETAIL!$B$78:$C$91,2,0),0),0) -> 14 | S24: =IFERROR(VLOOKUP(B24,[2]RETAIL!$B$8:$O$63,9,0),0)-IFERROR(IF(B24=100873,VLOOKUP("JULIO",[2]RETAIL!$B$78:$C$91,2,0),0),0) -> 0 | U24: =IFERROR(VLOOKUP(B24,[2]RETAIL!$B$8:$O$63,10,0),0)-IFERROR(IF(B24=100873,VLOOKUP("AGOSTO",[2]RETAIL!$B$78:$C$91,2,0),0),0) -> 0 | W24: =IFERROR(VLOOKUP(B24,[2]RETAIL!$B$8:$O$63,11,0),0)-IFERROR(IF(B24=100873,VLOOKUP("SEPTIEMBRE",[2]RETAIL!$B$78:$C$91,2,0),0),0) -> 0 | Y24: =IFERROR(VLOOKUP(B24,[2]RETAIL!$B$8:$O$63,12,0),0)-IFERROR(IF(B24=100873,VLOOKUP("OCTUBRE",[2]RETAIL!$B$78:$C$91,2,0),0),0) -> 0 | AA24: =IFERROR(VLOOKUP(B24,[2]RETAIL!$B$8:$O$63,13,0),0)-IFERROR(IF(B24=100873,VLOOKUP("NOVIEMBRE",[2]RETAIL!$B$78:$C$91,2,0),0),0) -> 0 | AC24: =IFERROR(VLOOKUP(B24,[2]RETAIL!$B$8:$O$63,14,0),0)-IFERROR(IF(B24=100873,VLOOKUP("DICIEMBRE",[2]RETAIL!$B$78:$C$91,2,0),0),0) -> 0 | AD24: =IF($AD$2="ENERO",F24,IF($AD$2="FEBRERO",F24+H24,IF($AD$2="MARZO",F24+H24+J24,IF($AD$2="ABRIL",F24+H24+J24+L24,IF($AD$2="MAYO",F24+H24+J24+L24+N24,IF($AD$2="JUNIO",F24+H24+J24+L24+N24+P24,IF($AD$2="JULIO",F24+H24+J24+L24+N24+P24+R24,IF($AD$2="AGOSTO",F24+H24+J24+L24+N24+P24+R24+T24,IF($AD$2="SEPTIEMBRE",F24+H24+J24+L24+N24+P24+R24+T24+V24,IF($AD$2="OCTUBRE",F24+H24+J24+L24+N24+P24+R24+T24+V24+X24,IF($AD$2="NOVIEMBRE",F24+H24+J24+L24+N24+P24+R24+T24+V24+X24+Z24,IF($AD$2="DICIEMBRE",F24+H24+J24+L24+N24+P24+R24+T24+V24+X24+Z24+AB24,"")))))))))))) -> 60 | AE24: =IFERROR(IF($AD$2="ENERO",G24,IF($AD$2="FEBRERO",G24+I24,IF($AD$2="MARZO",G24+I24+K24,IF($AD$2="ABRIL",G24+I24+K24+M24,IF($AD$2="MAYO",G24+I24+K24+M24+O24,IF($AD$2="JUNIO",G24+I24+K24+M24+O24+Q24,IF($AD$2="JULIO",G24+I24+K24+M24+O24+Q24+S24,IF($AD$2="AGOSTO",G24+I24+K24+M24+O24+Q24+S24+U24,IF($AD$2="SEPTIEMBRE",G24+I24+K24+M24+O24+Q24+S24+U24+W24,IF($AD$2="OCTUBRE",G24+I24+K24+M24+O24+Q24+S24+U24+W24+Y24,IF($AD$2="NOVIEMBRE",G24+I24+K24+M24+O24+Q24+S24+U24+W24+Y24+AA24,IF($AD$2="DICIEMBRE",G24+I24+K24+M24+O24+Q24+S24+U24+W24+Y24+AA24+AC24,"")))))))))))),0) -> 62 | AF24: =IFERROR((AE24/AD24),0) -> 1.0333333 | AG24: =+F24+H24+J24+L24+N24+P24+R24+T24+V24+X24+Z24+AB24 -> 60 | AH24: =IFERROR(IF($AD$2="ENERO",G24,IF($AD$2="FEBRERO",G24+I24,IF($AD$2="MARZO",G24+I24+K24,IF($AD$2="ABRIL",G24+I24+K24+M24,IF($AD$2="MAYO",G24+I24+K24+M24+O24,IF($AD$2="JUNIO",G24+I24+K24+M24+O24+Q24,IF($AD$2="JULIO",G24+I24+K24+M24+O24+Q24+S24,IF($AD$2="AGOSTO",G24+I24+K24+M24+O24+Q24+S24+U24,IF($AD$2="SEPTIEMBRE",G24+I24+K24+M24+O24+Q24+S24+U24+W24,IF($AD$2="OCTUBRE",G24+I24+K24+M24+O24+Q24+S24+U24+W24+Y24,IF($AD$2="NOVIEMBRE",G24+I24+K24+M24+O24+Q24+S24+U24+W24+Y24+AA24,IF($AD$2="DICIEMBRE",G24+I24+K24+M24+O24+Q24+S24+U24+W24+Y24+AA24+AC24,"")))))))))))),0) -> 62 | AI24: =IFERROR((AH24/AG24),0) -> 1.0333333 | AJ24: =IFERROR(IF($AJ$3="Q1",F24+H24+J24,IF($AJ$3="Q2",L24+N24++P24,IF($AJ$3="Q3",R24+T24+V24,IF($AJ$3="Q4",X24+Z24+AB24,0)))),0) -> 30 | AK24: =IFERROR(IF($AJ$3="Q1",G24+I24+K24,IF($AJ$3="Q2",M24+O24++Q24,IF($AJ$3="Q3",S24+U24+W24,IF($AJ$3="Q4",Y24+AA24+AC24,0)))),0) -> 31 | AL24: =IFERROR((AK24/AJ24),0) -> 1.0333333 | AM24: =IFERROR(IF($AM$3="S 1",F24+H24+J24+L24+N24++P24,IF($AM$3="S 2",R24+T24+V24+X24+Z24+AB24,0)),0) -> 0 | AN24: =IFERROR(IF($AM$3="S 1",G24+I24+K24+M24+O24+Q24,IF($AM$3="S 2",S24+U24+W24+Y24+AA24+AC24,0)),0) -> 0 | AO24: =IFERROR((AN24/AM24),0) -> 0
A25: 4 | B25: 100304 | C25: NOVOMÓVIL | D25: 9785 | E25: Grupo Agrelo | F25: 15 | G25: =IFERROR(VLOOKUP(B25,[2]RETAIL!$B$8:$O$63,3,0),0)-IFERROR(IF(B25=100873,VLOOKUP("ENERO",[2]RETAIL!$B$78:$C$91,2,0),0),0) -> 8 | H25: 16 | I25: =IFERROR(VLOOKUP(B25,[2]RETAIL!$B$8:$O$63,4,0),0)-IFERROR(IF(B25=100873,VLOOKUP("FEBRERO",[2]RETAIL!$B$78:$C$91,2,0),0),0) -> 9 | J25: 16 | K25: =IFERROR(VLOOKUP(B25,[2]RETAIL!$B$8:$O$63,5,0),0)-IFERROR(IF(B25=100873,VLOOKUP("MARZO",[2]RETAIL!$B$78:$C$91,2,0),0),0) -> 10 | L25: 16 | M25: =IFERROR(VLOOKUP(B25,[2]RETAIL!$B$8:$O$63,6,0),0)-IFERROR(IF(B25=100873,VLOOKUP("ABRIL",[2]RETAIL!$B$78:$C$91,2,0),0),0) -> 17 | N25: 16 | O25: =IFERROR(VLOOKUP(B25,[2]RETAIL!$B$8:$O$63,7,0),0)-IFERROR(IF(B25=100873,VLOOKUP("MAYO",[2]RETAIL!$B$78:$C$91,2,0),0),0) -> 14 | P25: 16 | Q25: =IFERROR(VLOOKUP(B25,[2]RETAIL!$B$8:$O$63,8,0),0)-IFERROR(IF(B25=100873,VLOOKUP("JUNIO",[2]RETAIL!$B$78:$C$91,2,0),0),0) -> 38 | S25: =IFERROR(VLOOKUP(B25,[2]RETAIL!$B$8:$O$63,9,0),0)-IFERROR(IF(B25=100873,VLOOKUP("JULIO",[2]RETAIL!$B$78:$C$91,2,0),0),0) -> 0 | U25: =IFERROR(VLOOKUP(B25,[2]RETAIL!$B$8:$O$63,10,0),0)-IFERROR(IF(B25=100873,VLOOKUP("AGOSTO",[2]RETAIL!$B$78:$C$91,2,0),0),0) -> 0 | W25: =IFERROR(VLOOKUP(B25,[2]RETAIL!$B$8:$O$63,11,0),0)-IFERROR(IF(B25=100873,VLOOKUP("SEPTIEMBRE",[2]RETAIL!$B$78:$C$91,2,0),0),0) -> 0 | Y25: =IFERROR(VLOOKUP(B25,[2]RETAIL!$B$8:$O$63,12,0),0)-IFERROR(IF(B25=100873,VLOOKUP("OCTUBRE",[2]RETAIL!$B$78:$C$91,2,0),0),0) -> 0 | AA25: =IFERROR(VLOOKUP(B25,[2]RETAIL!$B$8:$O$63,13,0),0)-IFERROR(IF(B25=100873,VLOOKUP("NOVIEMBRE",[2]RETAIL!$B$78:$C$91,2,0),0),0) -> 0 | AC25: =IFERROR(VLOOKUP(B25,[2]RETAIL!$B$8:$O$63,14,0),0)-IFERROR(IF(B25=100873,VLOOKUP("DICIEMBRE",[2]RETAIL!$B$78:$C$91,2,0),0),0) -> 0 | AD25: =IF($AD$2="ENERO",F25,IF($AD$2="FEBRERO",F25+H25,IF($AD$2="MARZO",F25+H25+J25,IF($AD$2="ABRIL",F25+H25+J25+L25,IF($AD$2="MAYO",F25+H25+J25+L25+N25,IF($AD$2="JUNIO",F25+H25+J25+L25+N25+P25,IF($AD$2="JULIO",F25+H25+J25+L25+N25+P25+R25,IF($AD$2="AGOSTO",F25+H25+J25+L25+N25+P25+R25+T25,IF($AD$2="SEPTIEMBRE",F25+H25+J25+L25+N25+P25+R25+T25+V25,IF($AD$2="OCTUBRE",F25+H25+J25+L25+N25+P25+R25+T25+V25+X25,IF($AD$2="NOVIEMBRE",F25+H25+J25+L25+N25+P25+R25+T25+V25+X25+Z25,IF($AD$2="DICIEMBRE",F25+H25+J25+L25+N25+P25+R25+T25+V25+X25+Z25+AB25,"")))))))))))) -> 95 | AE25: =IFERROR(IF($AD$2="ENERO",G25,IF($AD$2="FEBRERO",G25+I25,IF($AD$2="MARZO",G25+I25+K25,IF($AD$2="ABRIL",G25+I25+K25+M25,IF($AD$2="MAYO",G25+I25+K25+M25+O25,IF($AD$2="JUNIO",G25+I25+K25+M25+O25+Q25,IF($AD$2="JULIO",G25+I25+K25+M25+O25+Q25+S25,IF($AD$2="AGOSTO",G25+I25+K25+M25+O25+Q25+S25+U25,IF($AD$2="SEPTIEMBRE",G25+I25+K25+M25+O25+Q25+S25+U25+W25,IF($AD$2="OCTUBRE",G25+I25+K25+M25+O25+Q25+S25+U25+W25+Y25,IF($AD$2="NOVIEMBRE",G25+I25+K25+M25+O25+Q25+S25+U25+W25+Y25+AA25,IF($AD$2="DICIEMBRE",G25+I25+K25+M25+O25+Q25+S25+U25+W25+Y25+AA25+AC25,"")))))))))))),0) -> 96 | AF25: =IFERROR((AE25/AD25),0) -> 1.0105263 | AG25: =+F25+H25+J25+L25+N25+P25+R25+T25+V25+X25+Z25+AB25 -> 95 | AH25: =IFERROR(IF($AD$2="ENERO",G25,IF($AD$2="FEBRERO",G25+I25,IF($AD$2="MARZO",G25+I25+K25,IF($AD$2="ABRIL",G25+I25+K25+M25,IF($AD$2="MAYO",G25+I25+K25+M25+O25,IF($AD$2="JUNIO",G25+I25+K25+M25+O25+Q25,IF($AD$2="JULIO",G25+I25+K25+M25+O25+Q25+S25,IF($AD$2="AGOSTO",G25+I25+K25+M25+O25+Q25+S25+U25,IF($AD$2="SEPTIEMBRE",G25+I25+K25+M25+O25+Q25+S25+U25+W25,IF($AD$2="OCTUBRE",G25+I25+K25+M25+O25+Q25+S25+U25+W25+Y25,IF($AD$2="NOVIEMBRE",G25+I25+K25+M25+O25+Q25+S25+U25+W25+Y25+AA25,IF($AD$2="DICIEMBRE",G25+I25+K25+M25+O25+Q25+S25+U25+W25+Y25+AA25+AC25,"")))))))))))),0) -> 96 | AI25: =IFERROR((AH25/AG25),0) -> 1.0105263 | AJ25: =IFERROR(IF($AJ$3="Q1",F25+H25+J25,IF($AJ$3="Q2",L25+N25++P25,IF($AJ$3="Q3",R25+T25+V25,IF($AJ$3="Q4",X25+Z25+AB25,0)))),0) -> 47 | AK25: =IFERROR(IF($AJ$3="Q1",G25+I25+K25,IF($AJ$3="Q2",M25+O25++Q25,IF($AJ$3="Q3",S25+U25+W25,IF($AJ$3="Q4",Y25+AA25+AC25,0)))),0) -> 27 | AL25: =IFERROR((AK25/AJ25),0) -> 0.57446809 | AM25: =IFERROR(IF($AM$3="S 1",F25+H25+J25+L25+N25++P25,IF($AM$3="S 2",R25+T25+V25+X25+Z25+AB25,0)),0) -> 0 | AN25: =IFERROR(IF($AM$3="S 1",G25+I25+K25+M25+O25+Q25,IF($AM$3="S 2",S25+U25+W25+Y25+AA25+AC25,0)),0) -> 0 | AO25: =IFERROR((AN25/AM25),0) -> 0
A26: 4 | B26: 100346 | C26: AMIOCAR | D26: 9785 | E26: Grupo Agrelo | F26: 10 | G26: =IFERROR(VLOOKUP(B26,[2]RETAIL!$B$8:$O$63,3,0),0)-IFERROR(IF(B26=100873,VLOOKUP("ENERO",[2]RETAIL!$B$78:$C$91,2,0),0),0) -> 4 | H26: 10 | I26: =IFERROR(VLOOKUP(B26,[2]RETAIL!$B$8:$O$63,4,0),0)-IFERROR(IF(B26=100873,VLOOKUP("FEBRERO",[2]RETAIL!$B$78:$C$91,2,0),0),0) -> 7 | J26: 10 | K26: =IFERROR(VLOOKUP(B26,[2]RETAIL!$B$8:$O$63,5,0),0)-IFERROR(IF(B26=100873,VLOOKUP("MARZO",[2]RETAIL!$B$78:$C$91,2,0),0),0) -> 4 | L26: 10 | M26: =IFERROR(VLOOKUP(B26,[2]RETAIL!$B$8:$O$63,6,0),0)-IFERROR(IF(B26=100873,VLOOKUP("ABRIL",[2]RETAIL!$B$78:$C$91,2,0),0),0) -> 5 | N26: 10 | O26: =IFERROR(VLOOKUP(B26,[2]RETAIL!$B$8:$O$63,7,0),0)-IFERROR(IF(B26=100873,VLOOKUP("MAYO",[2]RETAIL!$B$78:$C$91,2,0),0),0) -> 2 | P26: 10 | Q26: =IFERROR(VLOOKUP(B26,[2]RETAIL!$B$8:$O$63,8,0),0)-IFERROR(IF(B26=100873,VLOOKUP("JUNIO",[2]RETAIL!$B$78:$C$91,2,0),0),0) -> 4 | R26: 11 | S26: =IFERROR(VLOOKUP(B26,[2]RETAIL!$B$8:$O$63,9,0),0)-IFERROR(IF(B26=100873,VLOOKUP("JULIO",[2]RETAIL!$B$78:$C$91,2,0),0),0) -> 0 | T26: 10 | U26: =IFERROR(VLOOKUP(B26,[2]RETAIL!$B$8:$O$63,10,0),0)-IFERROR(IF(B26=100873,VLOOKUP("AGOSTO",[2]RETAIL!$B$78:$C$91,2,0),0),0) -> 0 | V26: 11 | W26: =IFERROR(VLOOKUP(B26,[2]RETAIL!$B$8:$O$63,11,0),0)-IFERROR(IF(B26=100873,VLOOKUP("SEPTIEMBRE",[2]RETAIL!$B$78:$C$91,2,0),0),0) -> 0 | X26: 11 | Y26: =IFERROR(VLOOKUP(B26,[2]RETAIL!$B$8:$O$63,12,0),0)-IFERROR(IF(B26=100873,VLOOKUP("OCTUBRE",[2]RETAIL!$B$78:$C$91,2,0),0),0) -> 0 | Z26: 11 | AA26: =IFERROR(VLOOKUP(B26,[2]RETAIL!$B$8:$O$63,13,0),0)-IFERROR(IF(B26=100873,VLOOKUP("NOVIEMBRE",[2]RETAIL!$B$78:$C$91,2,0),0),0) -> 0 | AB26: 11 | AC26: =IFERROR(VLOOKUP(B26,[2]RETAIL!$B$8:$O$63,14,0),0)-IFERROR(IF(B26=100873,VLOOKUP("DICIEMBRE",[2]RETAIL!$B$78:$C$91,2,0),0),0) -> 0 | AD26: =IF($AD$2="ENERO",F26,IF($AD$2="FEBRERO",F26+H26,IF($AD$2="MARZO",F26+H26+J26,IF($AD$2="ABRIL",F26+H26+J26+L26,IF($AD$2="MAYO",F26+H26+J26+L26+N26,IF($AD$2="JUNIO",F26+H26+J26+L26+N26+P26,IF($AD$2="JULIO",F26+H26+J26+L26+N26+P26+R26,IF($AD$2="AGOSTO",F26+H26+J26+L26+N26+P26+R26+T26,IF($AD$2="SEPTIEMBRE",F26+H26+J26+L26+N26+P26+R26+T26+V26,IF($AD$2="OCTUBRE",F26+H26+J26+L26+N26+P26+R26+T26+V26+X26,IF($AD$2="NOVIEMBRE",F26+H26+J26+L26+N26+P26+R26+T26+V26+X26+Z26,IF($AD$2="DICIEMBRE",F26+H26+J26+L26+N26+P26+R26+T26+V26+X26+Z26+AB26,"")))))))))))) -> 60 | AE26: =IFERROR(IF($AD$2="ENERO",G26,IF($AD$2="FEBRERO",G26+I26,IF($AD$2="MARZO",G26+I26+K26,IF($AD$2="ABRIL",G26+I26+K26+M26,IF($AD$2="MAYO",G26+I26+K26+M26+O26,IF($AD$2="JUNIO",G26+I26+K26+M26+O26+Q26,IF($AD$2="JULIO",G26+I26+K26+M26+O26+Q26+S26,IF($AD$2="AGOSTO",G26+I26+K26+M26+O26+Q26+S26+U26,IF($AD$2="SEPTIEMBRE",G26+I26+K26+M26+O26+Q26+S26+U26+W26,IF($AD$2="OCTUBRE",G26+I26+K26+M26+O26+Q26+S26+U26+W26+Y26,IF($AD$2="NOVIEMBRE",G26+I26+K26+M26+O26+Q26+S26+U26+W26+Y26+AA26,IF($AD$2="DICIEMBRE",G26+I26+K26+M26+O26+Q26+S26+U26+W26+Y26+AA26+AC26,"")))))))))))),0) -> 26 | AF26: =IFERROR((AE26/AD26),0) -> 0.43333333 | AG26: =+F26+H26+J26+L26+N26+P26+R26+T26+V26+X26+Z26+AB26 -> 125 | AH26: =IFERROR(IF($AD$2="ENERO",G26,IF($AD$2="FEBRERO",G26+I26,IF($AD$2="MARZO",G26+I26+K26,IF($AD$2="ABRIL",G26+I26+K26+M26,IF($AD$2="MAYO",G26+I26+K26+M26+O26,IF($AD$2="JUNIO",G26+I26+K26+M26+O26+Q26,IF($AD$2="JULIO",G26+I26+K26+M26+O26+Q26+S26,IF($AD$2="AGOSTO",G26+I26+K26+M26+O26+Q26+S26+U26,IF($AD$2="SEPTIEMBRE",G26+I26+K26+M26+O26+Q26+S26+U26+W26,IF($AD$2="OCTUBRE",G26+I26+K26+M26+O26+Q26+S26+U26+W26+Y26,IF($AD$2="NOVIEMBRE",G26+I26+K26+M26+O26+Q26+S26+U26+W26+Y26+AA26,IF($AD$2="DICIEMBRE",G26+I26+K26+M26+O26+Q26+S26+U26+W26+Y26+AA26+AC26,"")))))))))))),0) -> 26 | AI26: =IFERROR((AH26/AG26),0) -> 0.208 | AJ26: =IFERROR(IF($AJ$3="Q1",F26+H26+J26,IF($AJ$3="Q2",L26+N26++P26,IF($AJ$3="Q3",R26+T26+V26,IF($AJ$3="Q4",X26+Z26+AB26,0)))),0) -> 30 | AK26: =IFERROR(IF($AJ$3="Q1",G26+I26+K26,IF($AJ$3="Q2",M26+O26++Q26,IF($AJ$3="Q3",S26+U26+W26,IF($AJ$3="Q4",Y26+AA26+AC26,0)))),0) -> 15 | AL26: =IFERROR((AK26/AJ26),0) -> 0.5 | AM26: =IFERROR(IF($AM$3="S 1",F26+H26+J26+L26+N26++P26,IF($AM$3="S 2",R26+T26+V26+X26+Z26+AB26,0)),0) -> 65 | AN26: =IFERROR(IF($AM$3="S 1",G26+I26+K26+M26+O26+Q26,IF($AM$3="S 2",S26+U26+W26+Y26+AA26+AC26,0)),0) -> 0 | AO26: =IFERROR((AN26/AM26),0) -> 0
A27: 4 | B27: 100454 | C27: AUTORAM | D27: 28067 | E27: Autoram | F27: 4 | G27: =IFERROR(VLOOKUP(B27,[2]RETAIL!$B$8:$O$63,3,0),0)-IFERROR(IF(B27=100873,VLOOKUP("ENERO",[2]RETAIL!$B$78:$C$91,2,0),0),0) -> 8 | H27: 4 | I27: =IFERROR(VLOOKUP(B27,[2]RETAIL!$B$8:$O$63,4,0),0)-IFERROR(IF(B27=100873,VLOOKUP("FEBRERO",[2]RETAIL!$B$78:$C$91,2,0),0),0) -> 2 | J27: 4 | K27: =IFERROR(VLOOKUP(B27,[2]RETAIL!$B$8:$O$63,5,0),0)-IFERROR(IF(B27=100873,VLOOKUP("MARZO",[2]RETAIL!$B$78:$C$91,2,0),0),0) -> 2 | L27: 4 | M27: =IFERROR(VLOOKUP(B27,[2]RETAIL!$B$8:$O$63,6,0),0)-IFERROR(IF(B27=100873,VLOOKUP("ABRIL",[2]RETAIL!$B$78:$C$91,2,0),0),0) -> 3 | N27: 4 | O27: =IFERROR(VLOOKUP(B27,[2]RETAIL!$B$8:$O$63,7,0),0)-IFERROR(IF(B27=100873,VLOOKUP("MAYO",[2]RETAIL!$B$78:$C$91,2,0),0),0) -> 1 | P27: 4 | Q27: =IFERROR(VLOOKUP(B27,[2]RETAIL!$B$8:$O$63,8,0),0)-IFERROR(IF(B27=100873,VLOOKUP("JUNIO",[2]RETAIL!$B$78:$C$91,2,0),0),0) -> 3 | S27: =IFERROR(VLOOKUP(B27,[2]RETAIL!$B$8:$O$63,9,0),0)-IFERROR(IF(B27=100873,VLOOKUP("JULIO",[2]RETAIL!$B$78:$C$91,2,0),0),0) -> 0 | U27: =IFERROR(VLOOKUP(B27,[2]RETAIL!$B$8:$O$63,10,0),0)-IFERROR(IF(B27=100873,VLOOKUP("AGOSTO",[2]RETAIL!$B$78:$C$91,2,0),0),0) -> 0 | W27: =IFERROR(VLOOKUP(B27,[2]RETAIL!$B$8:$O$63,11,0),0)-IFERROR(IF(B27=100873,VLOOKUP("SEPTIEMBRE",[2]RETAIL!$B$78:$C$91,2,0),0),0) -> 0 | Y27: =IFERROR(VLOOKUP(B27,[2]RETAIL!$B$8:$O$63,12,0),0)-IFERROR(IF(B27=100873,VLOOKUP("OCTUBRE",[2]RETAIL!$B$78:$C$91,2,0),0),0) -> 0 | AA27: =IFERROR(VLOOKUP(B27,[2]RETAIL!$B$8:$O$63,13,0),0)-IFERROR(IF(B27=100873,VLOOKUP("NOVIEMBRE",[2]RETAIL!$B$78:$C$91,2,0),0),0) -> 0 | AC27: =IFERROR(VLOOKUP(B27,[2]RETAIL!$B$8:$O$63,14,0),0)-IFERROR(IF(B27=100873,VLOOKUP("DICIEMBRE",[2]RETAIL!$B$78:$C$91,2,0),0),0) -> 0 | AD27: =IF($AD$2="ENERO",F27,IF($AD$2="FEBRERO",F27+H27,IF($AD$2="MARZO",F27+H27+J27,IF($AD$2="ABRIL",F27+H27+J27+L27,IF($AD$2="MAYO",F27+H27+J27+L27+N27,IF($AD$2="JUNIO",F27+H27+J27+L27+N27+P27,IF($AD$2="JULIO",F27+H27+J27+L27+N27+P27+R27,IF($AD$2="AGOSTO",F27+H27+J27+L27+N27+P27+R27+T27,IF($AD$2="SEPTIEMBRE",F27+H27+J27+L27+N27+P27+R27+T27+V27,IF($AD$2="OCTUBRE",F27+H27+J27+L27+N27+P27+R27+T27+V27+X27,IF($AD$2="NOVIEMBRE",F27+H27+J27+L27+N27+P27+R27+T27+V27+X27+Z27,IF($AD$2="DICIEMBRE",F27+H27+J27+L27+N27+P27+R27+T27+V27+X27+Z27+AB27,"")))))))))))) -> 24 | AE27: =IFERROR(IF($AD$2="ENERO",G27,IF($AD$2="FEBRERO",G27+I27,IF($AD$2="MARZO",G27+I27+K27,IF($AD$2="ABRIL",G27+I27+K27+M27,IF($AD$2="MAYO",G27+I27+K27+M27+O27,IF($AD$2="JUNIO",G27+I27+K27+M27+O27+Q27,IF($AD$2="JULIO",G27+I27+K27+M27+O27+Q27+S27,IF($AD$2="AGOSTO",G27+I27+K27+M27+O27+Q27+S27+U27,IF($AD$2="SEPTIEMBRE",G27+I27+K27+M27+O27+Q27+S27+U27+W27,IF($AD$2="OCTUBRE",G27+I27+K27+M27+O27+Q27+S27+U27+W27+Y27,IF($AD$2="NOVIEMBRE",G27+I27+K27+M27+O27+Q27+S27+U27+W27+Y27+AA27,IF($AD$2="DICIEMBRE",G27+I27+K27+M27+O27+Q27+S27+U27+W27+Y27+AA27+AC27,"")))))))))))),0) -> 19 | AF27: =IFERROR((AE27/AD27),0) -> 0.79166667 | AG27: =+F27+H27+J27+L27+N27+P27+R27+T27+V27+X27+Z27+AB27 -> 24 | AH27: =IFERROR(IF($AD$2="ENERO",G27,IF($AD$2="FEBRERO",G27+I27,IF($AD$2="MARZO",G27+I27+K27,IF($AD$2="ABRIL",G27+I27+K27+M27,IF($AD$2="MAYO",G27+I27+K27+M27+O27,IF($AD$2="JUNIO",G27+I27+K27+M27+O27+Q27,IF($AD$2="JULIO",G27+I27+K27+M27+O27+Q27+S27,IF($AD$2="AGOSTO",G27+I27+K27+M27+O27+Q27+S27+U27,IF($AD$2="SEPTIEMBRE",G27+I27+K27+M27+O27+Q27+S27+U27+W27,IF($AD$2="OCTUBRE",G27+I27+K27+M27+O27+Q27+S27+U27+W27+Y27,IF($AD$2="NOVIEMBRE",G27+I27+K27+M27+O27+Q27+S27+U27+W27+Y27+AA27,IF($AD$2="DICIEMBRE",G27+I27+K27+M27+O27+Q27+S27+U27+W27+Y27+AA27+AC27,"")))))))))))),0) -> 19 | AI27: =IFERROR((AH27/AG27),0) -> 0.79166667 | AJ27: =IFERROR(IF($AJ$3="Q1",F27+H27+J27,IF($AJ$3="Q2",L27+N27++P27,IF($AJ$3="Q3",R27+T27+V27,IF($AJ$3="Q4",X27+Z27+AB27,0)))),0) -> 12 | AK27: =IFERROR(IF($AJ$3="Q1",G27+I27+K27,IF($AJ$3="Q2",M27+O27++Q27,IF($AJ$3="Q3",S27+U27+W27,IF($AJ$3="Q4",Y27+AA27+AC27,0)))),0) -> 12 | AL27: =IFERROR((AK27/AJ27),0) -> 1 | AM27: =IFERROR(IF($AM$3="S 1",F27+H27+J27+L27+N27++P27,IF($AM$3="S 2",R27+T27+V27+X27+Z27+AB27,0)),0) -> 0 | AN27: =IFERROR(IF($AM$3="S 1",G27+I27+K27+M27+O27+Q27,IF($AM$3="S 2",S27+U27+W27+Y27+AA27+AC27,0)),0) -> 0 | AO27: =IFERROR((AN27/AM27),0) -> 0
A28: 4 | B28: 100571 | C28: TORMES MOTOR | D28: 1212 | E28: Grupo Autosa | F28: 6 | G28: =IFERROR(VLOOKUP(B28,[2]RETAIL!$B$8:$O$63,3,0),0)-IFERROR(IF(B28=100873,VLOOKUP("ENERO",[2]RETAIL!$B$78:$C$91,2,0),0),0) -> 1 | H28: 6 | I28: =IFERROR(VLOOKUP(B28,[2]RETAIL!$B$8:$O$63,4,0),0)-IFERROR(IF(B28=100873,VLOOKUP("FEBRERO",[2]RETAIL!$B$78:$C$91,2,0),0),0) -> 2 | J28: 6 | K28: =IFERROR(VLOOKUP(B28,[2]RETAIL!$B$8:$O$63,5,0),0)-IFERROR(IF(B28=100873,VLOOKUP("MARZO",[2]RETAIL!$B$78:$C$91,2,0),0),0) -> 2 | L28: 6 | M28: =IFERROR(VLOOKUP(B28,[2]RETAIL!$B$8:$O$63,6,0),0)-IFERROR(IF(B28=100873,VLOOKUP("ABRIL",[2]RETAIL!$B$78:$C$91,2,0),0),0) -> 0 | N28: 6 | O28: =IFERROR(VLOOKUP(B28,[2]RETAIL!$B$8:$O$63,7,0),0)-IFERROR(IF(B28=100873,VLOOKUP("MAYO",[2]RETAIL!$B$78:$C$91,2,0),0),0) -> 0 | P28: 6 | Q28: =IFERROR(VLOOKUP(B28,[2]RETAIL!$B$8:$O$63,8,0),0)-IFERROR(IF(B28=100873,VLOOKUP("JUNIO",[2]RETAIL!$B$78:$C$91,2,0),0),0) -> 3 | S28: =IFERROR(VLOOKUP(B28,[2]RETAIL!$B$8:$O$63,9,0),0)-IFERROR(IF(B28=100873,VLOOKUP("JULIO",[2]RETAIL!$B$78:$C$91,2,0),0),0) -> 0 | U28: =IFERROR(VLOOKUP(B28,[2]RETAIL!$B$8:$O$63,10,0),0)-IFERROR(IF(B28=100873,VLOOKUP("AGOSTO",[2]RETAIL!$B$78:$C$91,2,0),0),0) -> 0 | W28: =IFERROR(VLOOKUP(B28,[2]RETAIL!$B$8:$O$63,11,0),0)-IFERROR(IF(B28=100873,VLOOKUP("SEPTIEMBRE",[2]RETAIL!$B$78:$C$91,2,0),0),0) -> 0 | Y28: =IFERROR(VLOOKUP(B28,[2]RETAIL!$B$8:$O$63,12,0),0)-IFERROR(IF(B28=100873,VLOOKUP("OCTUBRE",[2]RETAIL!$B$78:$C$91,2,0),0),0) -> 0 | AA28: =IFERROR(VLOOKUP(B28,[2]RETAIL!$B$8:$O$63,13,0),0)-IFERROR(IF(B28=100873,VLOOKUP("NOVIEMBRE",[2]RETAIL!$B$78:$C$91,2,0),0),0) -> 0 | AC28: =IFERROR(VLOOKUP(B28,[2]RETAIL!$B$8:$O$63,14,0),0)-IFERROR(IF(B28=100873,VLOOKUP("DICIEMBRE",[2]RETAIL!$B$78:$C$91,2,0),0),0) -> 0 | AD28: =IF($AD$2="ENERO",F28,IF($AD$2="FEBRERO",F28+H28,IF($AD$2="MARZO",F28+H28+J28,IF($AD$2="ABRIL",F28+H28+J28+L28,IF($AD$2="MAYO",F28+H28+J28+L28+N28,IF($AD$2="JUNIO",F28+H28+J28+L28+N28+P28,IF($AD$2="JULIO",F28+H28+J28+L28+N28+P28+R28,IF($AD$2="AGOSTO",F28+H28+J28+L28+N28+P28+R28+T28,IF($AD$2="SEPTIEMBRE",F28+H28+J28+L28+N28+P28+R28+T28+V28,IF($AD$2="OCTUBRE",F28+H28+J28+L28+N28+P28+R28+T28+V28+X28,IF($AD$2="NOVIEMBRE",F28+H28+J28+L28+N28+P28+R28+T28+V28+X28+Z28,IF($AD$2="DICIEMBRE",F28+H28+J28+L28+N28+P28+R28+T28+V28+X28+Z28+AB28,"")))))))))))) -> 36 | AE28: =IFERROR(IF($AD$2="ENERO",G28,IF($AD$2="FEBRERO",G28+I28,IF($AD$2="MARZO",G28+I28+K28,IF($AD$2="ABRIL",G28+I28+K28+M28,IF($AD$2="MAYO",G28+I28+K28+M28+O28,IF($AD$2="JUNIO",G28+I28+K28+M28+O28+Q28,IF($AD$2="JULIO",G28+I28+K28+M28+O28+Q28+S28,IF($AD$2="AGOSTO",G28+I28+K28+M28+O28+Q28+S28+U28,IF($AD$2="SEPTIEMBRE",G28+I28+K28+M28+O28+Q28+S28+U28+W28,IF($AD$2="OCTUBRE",G28+I28+K28+M28+O28+Q28+S28+U28+W28+Y28,IF($AD$2="NOVIEMBRE",G28+I28+K28+M28+O28+Q28+S28+U28+W28+Y28+AA28,IF($AD$2="DICIEMBRE",G28+I28+K28+M28+O28+Q28+S28+U28+W28+Y28+AA28+AC28,"")))))))))))),0) -> 8 | AF28: =IFERROR((AE28/AD28),0) -> 0.22222222 | AG28: =+F28+H28+J28+L28+N28+P28+R28+T28+V28+X28+Z28+AB28 -> 36 | AH28: =IFERROR(IF($AD$2="ENERO",G28,IF($AD$2="FEBRERO",G28+I28,IF($AD$2="MARZO",G28+I28+K28,IF($AD$2="ABRIL",G28+I28+K28+M28,IF($AD$2="MAYO",G28+I28+K28+M28+O28,IF($AD$2="JUNIO",G28+I28+K28+M28+O28+Q28,IF($AD$2="JULIO",G28+I28+K28+M28+O28+Q28+S28,IF($AD$2="AGOSTO",G28+I28+K28+M28+O28+Q28+S28+U28,IF($AD$2="SEPTIEMBRE",G28+I28+K28+M28+O28+Q28+S28+U28+W28,IF($AD$2="OCTUBRE",G28+I28+K28+M28+O28+Q28+S28+U28+W28+Y28,IF($AD$2="NOVIEMBRE",G28+I28+K28+M28+O28+Q28+S28+U28+W28+Y28+AA28,IF($AD$2="DICIEMBRE",G28+I28+K28+M28+O28+Q28+S28+U28+W28+Y28+AA28+AC28,"")))))))))))),0) -> 8 | AI28: =IFERROR((AH28/AG28),0) -> 0.22222222 | AJ28: =IFERROR(IF($AJ$3="Q1",F28+H28+J28,IF($AJ$3="Q2",L28+N28++P28,IF($AJ$3="Q3",R28+T28+V28,IF($AJ$3="Q4",X28+Z28+AB28,0)))),0) -> 18 | AK28: =IFERROR(IF($AJ$3="Q1",G28+I28+K28,IF($AJ$3="Q2",M28+O28++Q28,IF($AJ$3="Q3",S28+U28+W28,IF($AJ$3="Q4",Y28+AA28+AC28,0)))),0) -> 5 | AL28: =IFERROR((AK28/AJ28),0) -> 0.27777778 | AM28: =IFERROR(IF($AM$3="S 1",F28+H28+J28+L28+N28++P28,IF($AM$3="S 2",R28+T28+V28+X28+Z28+AB28,0)),0) -> 0 | AN28: =IFERROR(IF($AM$3="S 1",G28+I28+K28+M28+O28+Q28,IF($AM$3="S 2",S28+U28+W28+Y28+AA28+AC28,0)),0) -> 0 | AO28: =IFERROR((AN28/AM28),0) -> 0
B29: TOTAL DISTRITO 4 | F29: =SUM(F22:F28) -> 59 | G29: =SUM(G22:G28) -> 38 | H29: =SUM(H22:H28) -> 60 | I29: =SUM(I22:I28) -> 38 | J29: =SUM(J22:J28) -> 60 | K29: =SUM(K22:K28) -> 37 | L29: =SUM(L22:L28) -> 61 | M29: =SUM(M22:M28) -> 46 | ... AC29: =SUM(AC22:AC28) -> 0 | AD29: =IF($AD$2="ENERO",F29,IF($AD$2="FEBRERO",F29+H29,IF($AD$2="MARZO",F29+H29+J29,IF($AD$2="ABRIL",F29+H29+J29+L29,IF($AD$2="MAYO",F29+H29+J29+L29+N29,IF($AD$2="JUNIO",F29+H29+J29+L29+N29+P29,IF($AD$2="JULIO",F29+H29+J29+L29+N29+P29+R29,IF($AD$2="AGOSTO",F29+H29+J29+L29+N29+P29+R29+T29,IF($AD$2="SEPTIEMBRE",F29+H29+J29+L29+N29+P29+R29+T29+V29,IF($AD$2="OCTUBRE",F29+H29+J29+L29+N29+P29+R29+T29+V29+X29,IF($AD$2="NOVIEMBRE",F29+H29+J29+L29+N29+P29+R29+T29+V29+X29+Z29,IF($AD$2="DICIEMBRE",F29+H29+J29+L29+N29+P29+R29+T29+V29+X29+Z29+AB29,"")))))))))))) -> 362 | AE29: =IF($AD$2="ENERO",G29,IF($AD$2="FEBRERO",G29+I29,IF($AD$2="MARZO",G29+I29+K29,IF($AD$2="ABRIL",G29+I29+K29+M29,IF($AD$2="MAYO",G29+I29+K29+M29+O29,IF($AD$2="JUNIO",G29+I29+K29+M29+O29+Q29,IF($AD$2="JULIO",G29+I29+K29+M29+O29+Q29+S29,IF($AD$2="AGOSTO",G29+I29+K29+M29+O29+Q29+S29+U29,IF($AD$2="SEPTIEMBRE",G29+I29+K29+M29+O29+Q29+S29+U29+W29,IF($AD$2="OCTUBRE",G29+I29+K29+M29+O29+Q29+S29+U29+W29+Y29,IF($AD$2="NOVIEMBRE",G29+I29+K29+M29+O29+Q29+S29+U29+W29+Y29+AA29,IF($AD$2="DICIEMBRE",G29+I29+K29+M29+O29+Q29+S29+U29+W29+Y29+AA29+AC29,"")))))))))))) -> 268 | AF29: =IFERROR((AE29/AD29),0) -> 0.74033149 | AG29: =+F29+H29+J29+L29+N29+P29+R29+T29+V29+X29+Z29+AB29 -> 427 | AH29: =IF($AD$2="ENERO",G29,IF($AD$2="FEBRERO",G29+I29,IF($AD$2="MARZO",G29+I29+K29,IF($AD$2="ABRIL",G29+I29+K29+M29,IF($AD$2="MAYO",G29+I29+K29+M29+O29,IF($AD$2="JUNIO",G29+I29+K29+M29+O29+Q29,IF($AD$2="JULIO",G29+I29+K29+M29+O29+Q29+S29,IF($AD$2="AGOSTO",G29+I29+K29+M29+O29+Q29+S29+U29,IF($AD$2="SEPTIEMBRE",G29+I29+K29+M29+O29+Q29+S29+U29+W29,IF($AD$2="OCTUBRE",G29+I29+K29+M29+O29+Q29+S29+U29+W29+Y29,IF($AD$2="NOVIEMBRE",G29+I29+K29+M29+O29+Q29+S29+U29+W29+Y29+AA29,IF($AD$2="DICIEMBRE",G29+I29+K29+M29+O29+Q29+S29+U29+W29+Y29+AA29+AC29,"")))))))))))) -> 268 | AI29: =IFERROR((AH29/AG29),0) -> 0.62763466 | AJ29: =IFERROR(IF($AJ$3="Q1",F29+H29+J29,IF($AJ$3="Q2",L29+N29++P29,IF($AJ$3="Q3",R29+T29+V29,IF($AJ$3="Q4",X29+Z29+AB29,0)))),0) -> 179 | AK29: =IFERROR(IF($AJ$3="Q1",G29+I29+K29,IF($AJ$3="Q2",M29+O29++Q29,IF($AJ$3="Q3",S29+U29+W29,IF($AJ$3="Q4",Y29+AA29+AC29,0)))),0) -> 113 | AL29: =IFERROR((AK29/AJ29),0) -> 0.63128492 | AM29: =IFERROR(IF($AM$3="S 1",F29+H29+J29+L29+N29++P29,IF($AM$3="S 2",R29+T29+V29+X29+Z29+AB29,0)),0) -> 65 | AN29: =IFERROR(IF($AM$3="S 1",G29+I29+K29+M29+O29+Q29,IF($AM$3="S 2",S29+U29+W29+Y29+AA29+AC29,0)),0) -> 0 | AO29: =IFERROR((AN29/AM29),0) -> 0
A30: 5 | B30: 100015 | C30: GRÜNBLAU MOTOR | D30: 22761 | E30: Grupo Resnova | F30: 12 | G30: =IFERROR(VLOOKUP(B30,[2]RETAIL!$B$8:$O$63,3,0),0)-IFERROR(IF(B30=100873,VLOOKUP("ENERO",[2]RETAIL!$B$78:$C$91,2,0),0),0) -> 9 | H30: 12 | I30: =IFERROR(VLOOKUP(B30,[2]RETAIL!$B$8:$O$63,4,0),0)-IFERROR(IF(B30=100873,VLOOKUP("FEBRERO",[2]RETAIL!$B$78:$C$91,2,0),0),0) -> 8 | J30: 12 | K30: =IFERROR(VLOOKUP(B30,[2]RETAIL!$B$8:$O$63,5,0),0)-IFERROR(IF(B30=100873,VLOOKUP("MARZO",[2]RETAIL!$B$78:$C$91,2,0),0),0) -> 9 | L30: 13 | M30: =IFERROR(VLOOKUP(B30,[2]RETAIL!$B$8:$O$63,6,0),0)-IFERROR(IF(B30=100873,VLOOKUP("ABRIL",[2]RETAIL!$B$78:$C$91,2,0),0),0) -> 9 | N30: 13 | O30: =IFERROR(VLOOKUP(B30,[2]RETAIL!$B$8:$O$63,7,0),0)-IFERROR(IF(B30=100873,VLOOKUP("MAYO",[2]RETAIL!$B$78:$C$91,2,0),0),0) -> 10 | P30: 13 | Q30: =IFERROR(VLOOKUP(B30,[2]RETAIL!$B$8:$O$63,8,0),0)-IFERROR(IF(B30=100873,VLOOKUP("JUNIO",[2]RETAIL!$B$78:$C$91,2,0),0),0) -> 22 | R30: 11 | S30: =IFERROR(VLOOKUP(B30,[2]RETAIL!$B$8:$O$63,9,0),0)-IFERROR(IF(B30=100873,VLOOKUP("JULIO",[2]RETAIL!$B$78:$C$91,2,0),0),0) -> 0 | T30: 9 | U30: =IFERROR(VLOOKUP(B30,[2]RETAIL!$B$8:$O$63,10,0),0)-IFERROR(IF(B30=100873,VLOOKUP("AGOSTO",[2]RETAIL!$B$78:$C$91,2,0),0),0) -> 0 | V30: 12 | W30: =IFERROR(VLOOKUP(B30,[2]RETAIL!$B$8:$O$63,11,0),0)-IFERROR(IF(B30=100873,VLOOKUP("SEPTIEMBRE",[2]RETAIL!$B$78:$C$91,2,0),0),0) -> 0 | X30: 12 | Y30: =IFERROR(VLOOKUP(B30,[2]RETAIL!$B$8:$O$63,12,0),0)-IFERROR(IF(B30=100873,VLOOKUP("OCTUBRE",[2]RETAIL!$B$78:$C$91,2,0),0),0) -> 0 | Z30: 12 | AA30: =IFERROR(VLOOKUP(B30,[2]RETAIL!$B$8:$O$63,13,0),0)-IFERROR(IF(B30=100873,VLOOKUP("NOVIEMBRE",[2]RETAIL!$B$78:$C$91,2,0),0),0) -> 0 | AB30: 11 | AC30: =IFERROR(VLOOKUP(B30,[2]RETAIL!$B$8:$O$63,14,0),0)-IFERROR(IF(B30=100873,VLOOKUP("DICIEMBRE",[2]RETAIL!$B$78:$C$91,2,0),0),0) -> 0 | AD30: =IF($AD$2="ENERO",F30,IF($AD$2="FEBRERO",F30+H30,IF($AD$2="MARZO",F30+H30+J30,IF($AD$2="ABRIL",F30+H30+J30+L30,IF($AD$2="MAYO",F30+H30+J30+L30+N30,IF($AD$2="JUNIO",F30+H30+J30+L30+N30+P30,IF($AD$2="JULIO",F30+H30+J30+L30+N30+P30+R30,IF($AD$2="AGOSTO",F30+H30+J30+L30+N30+P30+R30+T30,IF($AD$2="SEPTIEMBRE",F30+H30+J30+L30+N30+P30+R30+T30+V30,IF($AD$2="OCTUBRE",F30+H30+J30+L30+N30+P30+R30+T30+V30+X30,IF($AD$2="NOVIEMBRE",F30+H30+J30+L30+N30+P30+R30+T30+V30+X30+Z30,IF($AD$2="DICIEMBRE",F30+H30+J30+L30+N30+P30+R30+T30+V30+X30+Z30+AB30,"")))))))))))) -> 75 | AE30: =IFERROR(IF($AD$2="ENERO",G30,IF($AD$2="FEBRERO",G30+I30,IF($AD$2="MARZO",G30+I30+K30,IF($AD$2="ABRIL",G30+I30+K30+M30,IF($AD$2="MAYO",G30+I30+K30+M30+O30,IF($AD$2="JUNIO",G30+I30+K30+M30+O30+Q30,IF($AD$2="JULIO",G30+I30+K30+M30+O30+Q30+S30,IF($AD$2="AGOSTO",G30+I30+K30+M30+O30+Q30+S30+U30,IF($AD$2="SEPTIEMBRE",G30+I30+K30+M30+O30+Q30+S30+U30+W30,IF($AD$2="OCTUBRE",G30+I30+K30+M30+O30+Q30+S30+U30+W30+Y30,IF($AD$2="NOVIEMBRE",G30+I30+K30+M30+O30+Q30+S30+U30+W30+Y30+AA30,IF($AD$2="DICIEMBRE",G30+I30+K30+M30+O30+Q30+S30+U30+W30+Y30+AA30+AC30,"")))))))))))),0) -> 67 | AF30: =IFERROR((AE30/AD30),0) -> 0.89333333 | AG30: =+F30+H30+J30+L30+N30+P30+R30+T30+V30+X30+Z30+AB30 -> 142 | AH30: =IFERROR(IF($AD$2="ENERO",G30,IF($AD$2="FEBRERO",G30+I30,IF($AD$2="MARZO",G30+I30+K30,IF($AD$2="ABRIL",G30+I30+K30+M30,IF($AD$2="MAYO",G30+I30+K30+M30+O30,IF($AD$2="JUNIO",G30+I30+K30+M30+O30+Q30,IF($AD$2="JULIO",G30+I30+K30+M30+O30+Q30+S30,IF($AD$2="AGOSTO",G30+I30+K30+M30+O30+Q30+S30+U30,IF($AD$2="SEPTIEMBRE",G30+I30+K30+M30+O30+Q30+S30+U30+W30,IF($AD$2="OCTUBRE",G30+I30+K30+M30+O30+Q30+S30+U30+W30+Y30,IF($AD$2="NOVIEMBRE",G30+I30+K30+M30+O30+Q30+S30+U30+W30+Y30+AA30,IF($AD$2="DICIEMBRE",G30+I30+K30+M30+O30+Q30+S30+U30+W30+Y30+AA30+AC30,"")))))))))))),0) -> 67 | AI30: =IFERROR((AH30/AG30),0) -> 0.47183099 | AJ30: =IFERROR(IF($AJ$3="Q1",F30+H30+J30,IF($AJ$3="Q2",L30+N30++P30,IF($AJ$3="Q3",R30+T30+V30,IF($AJ$3="Q4",X30+Z30+AB30,0)))),0) -> 36 | AK30: =IFERROR(IF($AJ$3="Q1",G30+I30+K30,IF($AJ$3="Q2",M30+O30++Q30,IF($AJ$3="Q3",S30+U30+W30,IF($AJ$3="Q4",Y30+AA30+AC30,0)))),0) -> 26 | AL30: =IFERROR((AK30/AJ30),0) -> 0.72222222 | AM30: =IFERROR(IF($AM$3="S 1",F30+H30+J30+L30+N30++P30,IF($AM$3="S 2",R30+T30+V30+X30+Z30+AB30,0)),0) -> 67 | AN30: =IFERROR(IF($AM$3="S 1",G30+I30+K30+M30+O30+Q30,IF($AM$3="S 2",S30+U30+W30+Y30+AA30+AC30,0)),0) -> 0 | AO30: =IFERROR((AN30/AM30),0) -> 0
A31: 5 | B31: 100190 | C31: BURGOCAR | D31: 22761 | E31: Grupo Resnova | F31: 16 | G31: =IFERROR(VLOOKUP(B31,[2]RETAIL!$B$8:$O$63,3,0),0)-IFERROR(IF(B31=100873,VLOOKUP("ENERO",[2]RETAIL!$B$78:$C$91,2,0),0),0) -> 13 | H31: 16 | I31: =IFERROR(VLOOKUP(B31,[2]RETAIL!$B$8:$O$63,4,0),0)-IFERROR(IF(B31=100873,VLOOKUP("FEBRERO",[2]RETAIL!$B$78:$C$91,2,0),0),0) -> 11 | J31: 17 | K31: =IFERROR(VLOOKUP(B31,[2]RETAIL!$B$8:$O$63,5,0),0)-IFERROR(IF(B31=100873,VLOOKUP("MARZO",[2]RETAIL!$B$78:$C$91,2,0),0),0) -> 15 | L31: 17 | M31: =IFERROR(VLOOKUP(B31,[2]RETAIL!$B$8:$O$63,6,0),0)-IFERROR(IF(B31=100873,VLOOKUP("ABRIL",[2]RETAIL!$B$78:$C$91,2,0),0),0) -> 21 | N31: 17 | O31: =IFERROR(VLOOKUP(B31,[2]RETAIL!$B$8:$O$63,7,0),0)-IFERROR(IF(B31=100873,VLOOKUP("MAYO",[2]RETAIL!$B$78:$C$91,2,0),0),0) -> 17 | P31: 17 | Q31: =IFERROR(VLOOKUP(B31,[2]RETAIL!$B$8:$O$63,8,0),0)-IFERROR(IF(B31=100873,VLOOKUP("JUNIO",[2]RETAIL!$B$78:$C$91,2,0),0),0) -> 24 | R31: 15 | S31: =IFERROR(VLOOKUP(B31,[2]RETAIL!$B$8:$O$63,9,0),0)-IFERROR(IF(B31=100873,VLOOKUP("JULIO",[2]RETAIL!$B$78:$C$91,2,0),0),0) -> 0 | T31: 12 | U31: =IFERROR(VLOOKUP(B31,[2]RETAIL!$B$8:$O$63,10,0),0)-IFERROR(IF(B31=100873,VLOOKUP("AGOSTO",[2]RETAIL!$B$78:$C$91,2,0),0),0) -> 0 | V31: 15 | W31: =IFERROR(VLOOKUP(B31,[2]RETAIL!$B$8:$O$63,11,0),0)-IFERROR(IF(B31=100873,VLOOKUP("SEPTIEMBRE",[2]RETAIL!$B$78:$C$91,2,0),0),0) -> 0 | X31: 16 | Y31: =IFERROR(VLOOKUP(B31,[2]RETAIL!$B$8:$O$63,12,0),0)-IFERROR(IF(B31=100873,VLOOKUP("OCTUBRE",[2]RETAIL!$B$78:$C$91,2,0),0),0) -> 0 | Z31: 17 | AA31: =IFERROR(VLOOKUP(B31,[2]RETAIL!$B$8:$O$63,13,0),0)-IFERROR(IF(B31=100873,VLOOKUP("NOVIEMBRE",[2]RETAIL!$B$78:$C$91,2,0),0),0) -> 0 | AB31: 15 | AC31: =IFERROR(VLOOKUP(B31,[2]RETAIL!$B$8:$O$63,14,0),0)-IFERROR(IF(B31=100873,VLOOKUP("DICIEMBRE",[2]RETAIL!$B$78:$C$91,2,0),0),0) -> 0 | AD31: =IF($AD$2="ENERO",F31,IF($AD$2="FEBRERO",F31+H31,IF($AD$2="MARZO",F31+H31+J31,IF($AD$2="ABRIL",F31+H31+J31+L31,IF($AD$2="MAYO",F31+H31+J31+L31+N31,IF($AD$2="JUNIO",F31+H31+J31+L31+N31+P31,IF($AD$2="JULIO",F31+H31+J31+L31+N31+P31+R31,IF($AD$2="AGOSTO",F31+H31+J31+L31+N31+P31+R31+T31,IF($AD$2="SEPTIEMBRE",F31+H31+J31+L31+N31+P31+R31+T31+V31,IF($AD$2="OCTUBRE",F31+H31+J31+L31+N31+P31+R31+T31+V31+X31,IF($AD$2="NOVIEMBRE",F31+H31+J31+L31+N31+P31+R31+T31+V31+X31+Z31,IF($AD$2="DICIEMBRE",F31+H31+J31+L31+N31+P31+R31+T31+V31+X31+Z31+AB31,"")))))))))))) -> 100 | AE31: =IFERROR(IF($AD$2="ENERO",G31,IF($AD$2="FEBRERO",G31+I31,IF($AD$2="MARZO",G31+I31+K31,IF($AD$2="ABRIL",G31+I31+K31+M31,IF($AD$2="MAYO",G31+I31+K31+M31+O31,IF($AD$2="JUNIO",G31+I31+K31+M31+O31+Q31,IF($AD$2="JULIO",G31+I31+K31+M31+O31+Q31+S31,IF($AD$2="AGOSTO",G31+I31+K31+M31+O31+Q31+S31+U31,IF($AD$2="SEPTIEMBRE",G31+I31+K31+M31+O31+Q31+S31+U31+W31,IF($AD$2="OCTUBRE",G31+I31+K31+M31+O31+Q31+S31+U31+W31+Y31,IF($AD$2="NOVIEMBRE",G31+I31+K31+M31+O31+Q31+S31+U31+W31+Y31+AA31,IF($AD$2="DICIEMBRE",G31+I31+K31+M31+O31+Q31+S31+U31+W31+Y31+AA31+AC31,"")))))))))))),0) -> 101 | AF31: =IFERROR((AE31/AD31),0) -> 1.01 | AG31: =+F31+H31+J31+L31+N31+P31+R31+T31+V31+X31+Z31+AB31 -> 190 | AH31: =IFERROR(IF($AD$2="ENERO",G31,IF($AD$2="FEBRERO",G31+I31,IF($AD$2="MARZO",G31+I31+K31,IF($AD$2="ABRIL",G31+I31+K31+M31,IF($AD$2="MAYO",G31+I31+K31+M31+O31,IF($AD$2="JUNIO",G31+I31+K31+M31+O31+Q31,IF($AD$2="JULIO",G31+I31+K31+M31+O31+Q31+S31,IF($AD$2="AGOSTO",G31+I31+K31+M31+O31+Q31+S31+U31,IF($AD$2="SEPTIEMBRE",G31+I31+K31+M31+O31+Q31+S31+U31+W31,IF($AD$2="OCTUBRE",G31+I31+K31+M31+O31+Q31+S31+U31+W31+Y31,IF($AD$2="NOVIEMBRE",G31+I31+K31+M31+O31+Q31+S31+U31+W31+Y31+AA31,IF($AD$2="DICIEMBRE",G31+I31+K31+M31+O31+Q31+S31+U31+W31+Y31+AA31+AC31,"")))))))))))),0) -> 101 | AI31: =IFERROR((AH31/AG31),0) -> 0.53157895 | AJ31: =IFERROR(IF($AJ$3="Q1",F31+H31+J31,IF($AJ$3="Q2",L31+N31++P31,IF($AJ$3="Q3",R31+T31+V31,IF($AJ$3="Q4",X31+Z31+AB31,0)))),0) -> 49 | AK31: =IFERROR(IF($AJ$3="Q1",G31+I31+K31,IF($AJ$3="Q2",M31+O31++Q31,IF($AJ$3="Q3",S31+U31+W31,IF($AJ$3="Q4",Y31+AA31+AC31,0)))),0) -> 39 | AL31: =IFERROR((AK31/AJ31),0) -> 0.79591837 | AM31: =IFERROR(IF($AM$3="S 1",F31+H31+J31+L31+N31++P31,IF($AM$3="S 2",R31+T31+V31+X31+Z31+AB31,0)),0) -> 90 | AN31: =IFERROR(IF($AM$3="S 1",G31+I31+K31+M31+O31+Q31,IF($AM$3="S 2",S31+U31+W31+Y31+AA31+AC31,0)),0) -> 0 | AO31: =IFERROR((AN31/AM31),0) -> 0
A32: 5 | B32: 100379 | C32: TRIOCAR | D32: 22761 | E32: Grupo Resnova | F32: 18 | G32: =IFERROR(VLOOKUP(B32,[2]RETAIL!$B$8:$O$63,3,0),0)-IFERROR(IF(B32=100873,VLOOKUP("ENERO",[2]RETAIL!$B$78:$C$91,2,0),0),0) -> 13 | H32: 18 | I32: =IFERROR(VLOOKUP(B32,[2]RETAIL!$B$8:$O$63,4,0),0)-IFERROR(IF(B32=100873,VLOOKUP("FEBRERO",[2]RETAIL!$B$78:$C$91,2,0),0),0) -> 15 | J32: 18 | K32: =IFERROR(VLOOKUP(B32,[2]RETAIL!$B$8:$O$63,5,0),0)-IFERROR(IF(B32=100873,VLOOKUP("MARZO",[2]RETAIL!$B$78:$C$91,2,0),0),0) -> 20 | L32: 18 | M32: =IFERROR(VLOOKUP(B32,[2]RETAIL!$B$8:$O$63,6,0),0)-IFERROR(IF(B32=100873,VLOOKUP("ABRIL",[2]RETAIL!$B$78:$C$91,2,0),0),0) -> 11 | N32: 19 | O32: =IFERROR(VLOOKUP(B32,[2]RETAIL!$B$8:$O$63,7,0),0)-IFERROR(IF(B32=100873,VLOOKUP("MAYO",[2]RETAIL!$B$78:$C$91,2,0),0),0) -> 27 | P32: 19 | Q32: =IFERROR(VLOOKUP(B32,[2]RETAIL!$B$8:$O$63,8,0),0)-IFERROR(IF(B32=100873,VLOOKUP("JUNIO",[2]RETAIL!$B$78:$C$91,2,0),0),0) -> 33 | R32: 15 | S32: =IFERROR(VLOOKUP(B32,[2]RETAIL!$B$8:$O$63,9,0),0)-IFERROR(IF(B32=100873,VLOOKUP("JULIO",[2]RETAIL!$B$78:$C$91,2,0),0),0) -> 0 | T32: 14 | U32: =IFERROR(VLOOKUP(B32,[2]RETAIL!$B$8:$O$63,10,0),0)-IFERROR(IF(B32=100873,VLOOKUP("AGOSTO",[2]RETAIL!$B$78:$C$91,2,0),0),0) -> 0 | V32: 15 | W32: =IFERROR(VLOOKUP(B32,[2]RETAIL!$B$8:$O$63,11,0),0)-IFERROR(IF(B32=100873,VLOOKUP("SEPTIEMBRE",[2]RETAIL!$B$78:$C$91,2,0),0),0) -> 0 | X32: 20 | Y32: =IFERROR(VLOOKUP(B32,[2]RETAIL!$B$8:$O$63,12,0),0)-IFERROR(IF(B32=100873,VLOOKUP("OCTUBRE",[2]RETAIL!$B$78:$C$91,2,0),0),0) -> 0 | Z32: 19 | AA32: =IFERROR(VLOOKUP(B32,[2]RETAIL!$B$8:$O$63,13,0),0)-IFERROR(IF(B32=100873,VLOOKUP("NOVIEMBRE",[2]RETAIL!$B$78:$C$91,2,0),0),0) -> 0 | AB32: 17 | AC32: =IFERROR(VLOOKUP(B32,[2]RETAIL!$B$8:$O$63,14,0),0)-IFERROR(IF(B32=100873,VLOOKUP("DICIEMBRE",[2]RETAIL!$B$78:$C$91,2,0),0),0) -> 0 | AD32: =IF($AD$2="ENERO",F32,IF($AD$2="FEBRERO",F32+H32,IF($AD$2="MARZO",F32+H32+J32,IF($AD$2="ABRIL",F32+H32+J32+L32,IF($AD$2="MAYO",F32+H32+J32+L32+N32,IF($AD$2="JUNIO",F32+H32+J32+L32+N32+P32,IF($AD$2="JULIO",F32+H32+J32+L32+N32+P32+R32,IF($AD$2="AGOSTO",F32+H32+J32+L32+N32+P32+R32+T32,IF($AD$2="SEPTIEMBRE",F32+H32+J32+L32+N32+P32+R32+T32+V32,IF($AD$2="OCTUBRE",F32+H32+J32+L32+N32+P32+R32+T32+V32+X32,IF($AD$2="NOVIEMBRE",F32+H32+J32+L32+N32+P32+R32+T32+V32+X32+Z32,IF($AD$2="DICIEMBRE",F32+H32+J32+L32+N32+P32+R32+T32+V32+X32+Z32+AB32,"")))))))))))) -> 110 | AE32: =IFERROR(IF($AD$2="ENERO",G32,IF($AD$2="FEBRERO",G32+I32,IF($AD$2="MARZO",G32+I32+K32,IF($AD$2="ABRIL",G32+I32+K32+M32,IF($AD$2="MAYO",G32+I32+K32+M32+O32,IF($AD$2="JUNIO",G32+I32+K32+M32+O32+Q32,IF($AD$2="JULIO",G32+I32+K32+M32+O32+Q32+S32,IF($AD$2="AGOSTO",G32+I32+K32+M32+O32+Q32+S32+U32,IF($AD$2="SEPTIEMBRE",G32+I32+K32+M32+O32+Q32+S32+U32+W32,IF($AD$2="OCTUBRE",G32+I32+K32+M32+O32+Q32+S32+U32+W32+Y32,IF($AD$2="NOVIEMBRE",G32+I32+K32+M32+O32+Q32+S32+U32+W32+Y32+AA32,IF($AD$2="DICIEMBRE",G32+I32+K32+M32+O32+Q32+S32+U32+W32+Y32+AA32+AC32,"")))))))))))),0) -> 119 | AF32: =IFERROR((AE32/AD32),0) -> 1.0818182 | AG32: =+F32+H32+J32+L32+N32+P32+R32+T32+V32+X32+Z32+AB32 -> 210 | AH32: =IFERROR(IF($AD$2="ENERO",G32,IF($AD$2="FEBRERO",G32+I32,IF($AD$2="MARZO",G32+I32+K32,IF($AD$2="ABRIL",G32+I32+K32+M32,IF($AD$2="MAYO",G32+I32+K32+M32+O32,IF($AD$2="JUNIO",G32+I32+K32+M32+O32+Q32,IF($AD$2="JULIO",G32+I32+K32+M32+O32+Q32+S32,IF($AD$2="AGOSTO",G32+I32+K32+M32+O32+Q32+S32+U32,IF($AD$2="SEPTIEMBRE",G32+I32+K32+M32+O32+Q32+S32+U32+W32,IF($AD$2="OCTUBRE",G32+I32+K32+M32+O32+Q32+S32+U32+W32+Y32,IF($AD$2="NOVIEMBRE",G32+I32+K32+M32+O32+Q32+S32+U32+W32+Y32+AA32,IF($AD$2="DICIEMBRE",G32+I32+K32+M32+O32+Q32+S32+U32+W32+Y32+AA32+AC32,"")))))))))))),0) -> 119 | AI32: =IFERROR((AH32/AG32),0) -> 0.56666667 | AJ32: =IFERROR(IF($AJ$3="Q1",F32+H32+J32,IF($AJ$3="Q2",L32+N32++P32,IF($AJ$3="Q3",R32+T32+V32,IF($AJ$3="Q4",X32+Z32+AB32,0)))),0) -> 54 | AK32: =IFERROR(IF($AJ$3="Q1",G32+I32+K32,IF($AJ$3="Q2",M32+O32++Q32,IF($AJ$3="Q3",S32+U32+W32,IF($AJ$3="Q4",Y32+AA32+AC32,0)))),0) -> 48 | AL32: =IFERROR((AK32/AJ32),0) -> 0.88888889 | AM32: =IFERROR(IF($AM$3="S 1",F32+H32+J32+L32+N32++P32,IF($AM$3="S 2",R32+T32+V32+X32+Z32+AB32,0)),0) -> 100 | AN32: =IFERROR(IF($AM$3="S 1",G32+I32+K32+M32+O32+Q32,IF($AM$3="S 2",S32+U32+W32+Y32+AA32+AC32,0)),0) -> 0 | AO32: =IFERROR((AN32/AM32),0) -> 0
A33: 5 | B33: 100410 | C33: CELTAMOTOR | D33: 22761 | E33: Grupo Resnova | F33: 23 | G33: =IFERROR(VLOOKUP(B33,[2]RETAIL!$B$8:$O$63,3,0),0)-IFERROR(IF(B33=100873,VLOOKUP("ENERO",[2]RETAIL!$B$78:$C$91,2,0),0),0) -> 24 | H33: 23 | I33: =IFERROR(VLOOKUP(B33,[2]RETAIL!$B$8:$O$63,4,0),0)-IFERROR(IF(B33=100873,VLOOKUP("FEBRERO",[2]RETAIL!$B$78:$C$91,2,0),0),0) -> 13 | J33: 23 | K33: =IFERROR(VLOOKUP(B33,[2]RETAIL!$B$8:$O$63,5,0),0)-IFERROR(IF(B33=100873,VLOOKUP("MARZO",[2]RETAIL!$B$78:$C$91,2,0),0),0) -> 28 | L33: 23 | M33: =IFERROR(VLOOKUP(B33,[2]RETAIL!$B$8:$O$63,6,0),0)-IFERROR(IF(B33=100873,VLOOKUP("ABRIL",[2]RETAIL!$B$78:$C$91,2,0),0),0) -> 12 | N33: 24 | O33: =IFERROR(VLOOKUP(B33,[2]RETAIL!$B$8:$O$63,7,0),0)-IFERROR(IF(B33=100873,VLOOKUP("MAYO",[2]RETAIL!$B$78:$C$91,2,0),0),0) -> 30 | P33: 24 | Q33: =IFERROR(VLOOKUP(B33,[2]RETAIL!$B$8:$O$63,8,0),0)-IFERROR(IF(B33=100873,VLOOKUP("JUNIO",[2]RETAIL!$B$78:$C$91,2,0),0),0) -> 39 | R33: 20 | S33: =IFERROR(VLOOKUP(B33,[2]RETAIL!$B$8:$O$63,9,0),0)-IFERROR(IF(B33=100873,VLOOKUP("JULIO",[2]RETAIL!$B$78:$C$91,2,0),0),0) -> 0 | T33: 18 | U33: =IFERROR(VLOOKUP(B33,[2]RETAIL!$B$8:$O$63,10,0),0)-IFERROR(IF(B33=100873,VLOOKUP("AGOSTO",[2]RETAIL!$B$78:$C$91,2,0),0),0) -> 0 | V33: 23 | W33: =IFERROR(VLOOKUP(B33,[2]RETAIL!$B$8:$O$63,11,0),0)-IFERROR(IF(B33=100873,VLOOKUP("SEPTIEMBRE",[2]RETAIL!$B$78:$C$91,2,0),0),0) -> 0 | X33: 27 | Y33: =IFERROR(VLOOKUP(B33,[2]RETAIL!$B$8:$O$63,12,0),0)-IFERROR(IF(B33=100873,VLOOKUP("OCTUBRE",[2]RETAIL!$B$78:$C$91,2,0),0),0) -> 0 | Z33: 26 | AA33: =IFERROR(VLOOKUP(B33,[2]RETAIL!$B$8:$O$63,13,0),0)-IFERROR(IF(B33=100873,VLOOKUP("NOVIEMBRE",[2]RETAIL!$B$78:$C$91,2,0),0),0) -> 0 | AB33: 26 | AC33: =IFERROR(VLOOKUP(B33,[2]RETAIL!$B$8:$O$63,14,0),0)-IFERROR(IF(B33=100873,VLOOKUP("DICIEMBRE",[2]RETAIL!$B$78:$C$91,2,0),0),0) -> 0 | AD33: =IF($AD$2="ENERO",F33,IF($AD$2="FEBRERO",F33+H33,IF($AD$2="MARZO",F33+H33+J33,IF($AD$2="ABRIL",F33+H33+J33+L33,IF($AD$2="MAYO",F33+H33+J33+L33+N33,IF($AD$2="JUNIO",F33+H33+J33+L33+N33+P33,IF($AD$2="JULIO",F33+H33+J33+L33+N33+P33+R33,IF($AD$2="AGOSTO",F33+H33+J33+L33+N33+P33+R33+T33,IF($AD$2="SEPTIEMBRE",F33+H33+J33+L33+N33+P33+R33+T33+V33,IF($AD$2="OCTUBRE",F33+H33+J33+L33+N33+P33+R33+T33+V33+X33,IF($AD$2="NOVIEMBRE",F33+H33+J33+L33+N33+P33+R33+T33+V33+X33+Z33,IF($AD$2="DICIEMBRE",F33+H33+J33+L33+N33+P33+R33+T33+V33+X33+Z33+AB33,"")))))))))))) -> 140 | AE33: =IFERROR(IF($AD$2="ENERO",G33,IF($AD$2="FEBRERO",G33+I33,IF($AD$2="MARZO",G33+I33+K33,IF($AD$2="ABRIL",G33+I33+K33+M33,IF($AD$2="MAYO",G33+I33+K33+M33+O33,IF($AD$2="JUNIO",G33+I33+K33+M33+O33+Q33,IF($AD$2="JULIO",G33+I33+K33+M33+O33+Q33+S33,IF($AD$2="AGOSTO",G33+I33+K33+M33+O33+Q33+S33+U33,IF($AD$2="SEPTIEMBRE",G33+I33+K33+M33+O33+Q33+S33+U33+W33,IF($AD$2="OCTUBRE",G33+I33+K33+M33+O33+Q33+S33+U33+W33+Y33,IF($AD$2="NOVIEMBRE",G33+I33+K33+M33+O33+Q33+S33+U33+W33+Y33+AA33,IF($AD$2="DICIEMBRE",G33+I33+K33+M33+O33+Q33+S33+U33+W33+Y33+AA33+AC33,"")))))))))))),0) -> 146 | AF33: =IFERROR((AE33/AD33),0) -> 1.0428571 | AG33: =+F33+H33+J33+L33+N33+P33+R33+T33+V33+X33+Z33+AB33 -> 280 | AH33: =IFERROR(IF($AD$2="ENERO",G33,IF($AD$2="FEBRERO",G33+I33,IF($AD$2="MARZO",G33+I33+K33,IF($AD$2="ABRIL",G33+I33+K33+M33,IF($AD$2="MAYO",G33+I33+K33+M33+O33,IF($AD$2="JUNIO",G33+I33+K33+M33+O33+Q33,IF($AD$2="JULIO",G33+I33+K33+M33+O33+Q33+S33,IF($AD$2="AGOSTO",G33+I33+K33+M33+O33+Q33+S33+U33,IF($AD$2="SEPTIEMBRE",G33+I33+K33+M33+O33+Q33+S33+U33+W33,IF($AD$2="OCTUBRE",G33+I33+K33+M33+O33+Q33+S33+U33+W33+Y33,IF($AD$2="NOVIEMBRE",G33+I33+K33+M33+O33+Q33+S33+U33+W33+Y33+AA33,IF($AD$2="DICIEMBRE",G33+I33+K33+M33+O33+Q33+S33+U33+W33+Y33+AA33+AC33,"")))))))))))),0) -> 146 | AI33: =IFERROR((AH33/AG33),0) -> 0.52142857 | AJ33: =IFERROR(IF($AJ$3="Q1",F33+H33+J33,IF($AJ$3="Q2",L33+N33++P33,IF($AJ$3="Q3",R33+T33+V33,IF($AJ$3="Q4",X33+Z33+AB33,0)))),0) -> 69 | AK33: =IFERROR(IF($AJ$3="Q1",G33+I33+K33,IF($AJ$3="Q2",M33+O33++Q33,IF($AJ$3="Q3",S33+U33+W33,IF($AJ$3="Q4",Y33+AA33+AC33,0)))),0) -> 65 | AL33: =IFERROR((AK33/AJ33),0) -> 0.94202899 | AM33: =IFERROR(IF($AM$3="S 1",F33+H33+J33+L33+N33++P33,IF($AM$3="S 2",R33+T33+V33+X33+Z33+AB33,0)),0) -> 140 | AN33: =IFERROR(IF($AM$3="S 1",G33+I33+K33+M33+O33+Q33,IF($AM$3="S 2",S33+U33+W33+Y33+AA33+AC33,0)),0) -> 0 | AO33: =IFERROR((AN33/AM33),0) -> 0
A34: 5 | B34: 100739 | C34: BERNESGA MOTOR | D34: 22761 | E34: Grupo Resnova | F34: 10 | G34: =IFERROR(VLOOKUP(B34,[2]RETAIL!$B$8:$O$63,3,0),0)-IFERROR(IF(B34=100873,VLOOKUP("ENERO",[2]RETAIL!$B$78:$C$91,2,0),0),0) -> 10 | H34: 10 | I34: =IFERROR(VLOOKUP(B34,[2]RETAIL!$B$8:$O$63,4,0),0)-IFERROR(IF(B34=100873,VLOOKUP("FEBRERO",[2]RETAIL!$B$78:$C$91,2,0),0),0) -> 6 | J34: 10 | K34: =IFERROR(VLOOKUP(B34,[2]RETAIL!$B$8:$O$63,5,0),0)-IFERROR(IF(B34=100873,VLOOKUP("MARZO",[2]RETAIL!$B$78:$C$91,2,0),0),0) -> 13 | L34: 10 | M34: =IFERROR(VLOOKUP(B34,[2]RETAIL!$B$8:$O$63,6,0),0)-IFERROR(IF(B34=100873,VLOOKUP("ABRIL",[2]RETAIL!$B$78:$C$91,2,0),0),0) -> 5 | N34: 11 | O34: =IFERROR(VLOOKUP(B34,[2]RETAIL!$B$8:$O$63,7,0),0)-IFERROR(IF(B34=100873,VLOOKUP("MAYO",[2]RETAIL!$B$78:$C$91,2,0),0),0) -> 9 | P34: 11 | Q34: =IFERROR(VLOOKUP(B34,[2]RETAIL!$B$8:$O$63,8,0),0)-IFERROR(IF(B34=100873,VLOOKUP("JUNIO",[2]RETAIL!$B$78:$C$91,2,0),0),0) -> 12 | R34: 8 | S34: =IFERROR(VLOOKUP(B34,[2]RETAIL!$B$8:$O$63,9,0),0)-IFERROR(IF(B34=100873,VLOOKUP("JULIO",[2]RETAIL!$B$78:$C$91,2,0),0),0) -> 0 | T34: 7 | U34: =IFERROR(VLOOKUP(B34,[2]RETAIL!$B$8:$O$63,10,0),0)-IFERROR(IF(B34=100873,VLOOKUP("AGOSTO",[2]RETAIL!$B$78:$C$91,2,0),0),0) -> 0 | V34: 9 | W34: =IFERROR(VLOOKUP(B34,[2]RETAIL!$B$8:$O$63,11,0),0)-IFERROR(IF(B34=100873,VLOOKUP("SEPTIEMBRE",[2]RETAIL!$B$78:$C$91,2,0),0),0) -> 0 | X34: 9 | Y34: =IFERROR(VLOOKUP(B34,[2]RETAIL!$B$8:$O$63,12,0),0)-IFERROR(IF(B34=100873,VLOOKUP("OCTUBRE",[2]RETAIL!$B$78:$C$91,2,0),0),0) -> 0 | Z34: 9 | AA34: =IFERROR(VLOOKUP(B34,[2]RETAIL!$B$8:$O$63,13,0),0)-IFERROR(IF(B34=100873,VLOOKUP("NOVIEMBRE",[2]RETAIL!$B$78:$C$91,2,0),0),0) -> 0 | AB34: 8 | AC34: =IFERROR(VLOOKUP(B34,[2]RETAIL!$B$8:$O$63,14,0),0)-IFERROR(IF(B34=100873,VLOOKUP("DICIEMBRE",[2]RETAIL!$B$78:$C$91,2,0),0),0) -> 0 | AD34: =IF($AD$2="ENERO",F34,IF($AD$2="FEBRERO",F34+H34,IF($AD$2="MARZO",F34+H34+J34,IF($AD$2="ABRIL",F34+H34+J34+L34,IF($AD$2="MAYO",F34+H34+J34+L34+N34,IF($AD$2="JUNIO",F34+H34+J34+L34+N34+P34,IF($AD$2="JULIO",F34+H34+J34+L34+N34+P34+R34,IF($AD$2="AGOSTO",F34+H34+J34+L34+N34+P34+R34+T34,IF($AD$2="SEPTIEMBRE",F34+H34+J34+L34+N34+P34+R34+T34+V34,IF($AD$2="OCTUBRE",F34+H34+J34+L34+N34+P34+R34+T34+V34+X34,IF($AD$2="NOVIEMBRE",F34+H34+J34+L34+N34+P34+R34+T34+V34+X34+Z34,IF($AD$2="DICIEMBRE",F34+H34+J34+L34+N34+P34+R34+T34+V34+X34+Z34+AB34,"")))))))))))) -> 62 | AE34: =IFERROR(IF($AD$2="ENERO",G34,IF($AD$2="FEBRERO",G34+I34,IF($AD$2="MARZO",G34+I34+K34,IF($AD$2="ABRIL",G34+I34+K34+M34,IF($AD$2="MAYO",G34+I34+K34+M34+O34,IF($AD$2="JUNIO",G34+I34+K34+M34+O34+Q34,IF($AD$2="JULIO",G34+I34+K34+M34+O34+Q34+S34,IF($AD$2="AGOSTO",G34+I34+K34+M34+O34+Q34+S34+U34,IF($AD$2="SEPTIEMBRE",G34+I34+K34+M34+O34+Q34+S34+U34+W34,IF($AD$2="OCTUBRE",G34+I34+K34+M34+O34+Q34+S34+U34+W34+Y34,IF($AD$2="NOVIEMBRE",G34+I34+K34+M34+O34+Q34+S34+U34+W34+Y34+AA34,IF($AD$2="DICIEMBRE",G34+I34+K34+M34+O34+Q34+S34+U34+W34+Y34+AA34+AC34,"")))))))))))),0) -> 55 | AF34: =IFERROR((AE34/AD34),0) -> 0.88709677 | AG34: =+F34+H34+J34+L34+N34+P34+R34+T34+V34+X34+Z34+AB34 -> 112 | AH34: =IFERROR(IF($AD$2="ENERO",G34,IF($AD$2="FEBRERO",G34+I34,IF($AD$2="MARZO",G34+I34+K34,IF($AD$2="ABRIL",G34+I34+K34+M34,IF($AD$2="MAYO",G34+I34+K34+M34+O34,IF($AD$2="JUNIO",G34+I34+K34+M34+O34+Q34,IF($AD$2="JULIO",G34+I34+K34+M34+O34+Q34+S34,IF($AD$2="AGOSTO",G34+I34+K34+M34+O34+Q34+S34+U34,IF($AD$2="SEPTIEMBRE",G34+I34+K34+M34+O34+Q34+S34+U34+W34,IF($AD$2="OCTUBRE",G34+I34+K34+M34+O34+Q34+S34+U34+W34+Y34,IF($AD$2="NOVIEMBRE",G34+I34+K34+M34+O34+Q34+S34+U34+W34+Y34+AA34,IF($AD$2="DICIEMBRE",G34+I34+K34+M34+O34+Q34+S34+U34+W34+Y34+AA34+AC34,"")))))))))))),0) -> 55 | AI34: =IFERROR((AH34/AG34),0) -> 0.49107143 | AJ34: =IFERROR(IF($AJ$3="Q1",F34+H34+J34,IF($AJ$3="Q2",L34+N34++P34,IF($AJ$3="Q3",R34+T34+V34,IF($AJ$3="Q4",X34+Z34+AB34,0)))),0) -> 30 | AK34: =IFERROR(IF($AJ$3="Q1",G34+I34+K34,IF($AJ$3="Q2",M34+O34++Q34,IF($AJ$3="Q3",S34+U34+W34,IF($AJ$3="Q4",Y34+AA34+AC34,0)))),0) -> 29 | AL34: =IFERROR((AK34/AJ34),0) -> 0.96666667 | AM34: =IFERROR(IF($AM$3="S 1",F34+H34+J34+L34+N34++P34,IF($AM$3="S 2",R34+T34+V34+X34+Z34+AB34,0)),0) -> 50 | AN34: =IFERROR(IF($AM$3="S 1",G34+I34+K34+M34+O34+Q34,IF($AM$3="S 2",S34+U34+W34+Y34+AA34+AC34,0)),0) -> 0 | AO34: =IFERROR((AN34/AM34),0) -> 0
B35: TOTAL DISTRITO 5 | F35: =SUM(F30:F34) -> 79 | G35: =SUM(G30:G34) -> 69 | H35: =SUM(H30:H34) -> 79 | I35: =SUM(I30:I34) -> 53 | J35: =SUM(J30:J34) -> 80 | K35: =SUM(K30:K34) -> 85 | L35: =SUM(L30:L34) -> 81 | M35: =SUM(M30:M34) -> 58 | ... AC35: =SUM(AC30:AC34) -> 0 | AD35: =IF($AD$2="ENERO",F35,IF($AD$2="FEBRERO",F35+H35,IF($AD$2="MARZO",F35+H35+J35,IF($AD$2="ABRIL",F35+H35+J35+L35,IF($AD$2="MAYO",F35+H35+J35+L35+N35,IF($AD$2="JUNIO",F35+H35+J35+L35+N35+P35,IF($AD$2="JULIO",F35+H35+J35+L35+N35+P35+R35,IF($AD$2="AGOSTO",F35+H35+J35+L35+N35+P35+R35+T35,IF($AD$2="SEPTIEMBRE",F35+H35+J35+L35+N35+P35+R35+T35+V35,IF($AD$2="OCTUBRE",F35+H35+J35+L35+N35+P35+R35+T35+V35+X35,IF($AD$2="NOVIEMBRE",F35+H35+J35+L35+N35+P35+R35+T35+V35+X35+Z35,IF($AD$2="DICIEMBRE",F35+H35+J35+L35+N35+P35+R35+T35+V35+X35+Z35+AB35,"")))))))))))) -> 487 | AE35: =IF($AD$2="ENERO",G35,IF($AD$2="FEBRERO",G35+I35,IF($AD$2="MARZO",G35+I35+K35,IF($AD$2="ABRIL",G35+I35+K35+M35,IF($AD$2="MAYO",G35+I35+K35+M35+O35,IF($AD$2="JUNIO",G35+I35+K35+M35+O35+Q35,IF($AD$2="JULIO",G35+I35+K35+M35+O35+Q35+S35,IF($AD$2="AGOSTO",G35+I35+K35+M35+O35+Q35+S35+U35,IF($AD$2="SEPTIEMBRE",G35+I35+K35+M35+O35+Q35+S35+U35+W35,IF($AD$2="OCTUBRE",G35+I35+K35+M35+O35+Q35+S35+U35+W35+Y35,IF($AD$2="NOVIEMBRE",G35+I35+K35+M35+O35+Q35+S35+U35+W35+Y35+AA35,IF($AD$2="DICIEMBRE",G35+I35+K35+M35+O35+Q35+S35+U35+W35+Y35+AA35+AC35,"")))))))))))) -> 488 | AF35: =IFERROR((AE35/AD35),0) -> 1.0020534 | AG35: =+F35+H35+J35+L35+N35+P35+R35+T35+V35+X35+Z35+AB35 -> 934 | AH35: =IF($AD$2="ENERO",G35,IF($AD$2="FEBRERO",G35+I35,IF($AD$2="MARZO",G35+I35+K35,IF($AD$2="ABRIL",G35+I35+K35+M35,IF($AD$2="MAYO",G35+I35+K35+M35+O35,IF($AD$2="JUNIO",G35+I35+K35+M35+O35+Q35,IF($AD$2="JULIO",G35+I35+K35+M35+O35+Q35+S35,IF($AD$2="AGOSTO",G35+I35+K35+M35+O35+Q35+S35+U35,IF($AD$2="SEPTIEMBRE",G35+I35+K35+M35+O35+Q35+S35+U35+W35,IF($AD$2="OCTUBRE",G35+I35+K35+M35+O35+Q35+S35+U35+W35+Y35,IF($AD$2="NOVIEMBRE",G35+I35+K35+M35+O35+Q35+S35+U35+W35+Y35+AA35,IF($AD$2="DICIEMBRE",G35+I35+K35+M35+O35+Q35+S35+U35+W35+Y35+AA35+AC35,"")))))))))))) -> 488 | AI35: =IFERROR((AH35/AG35),0) -> 0.52248394 | AJ35: =IFERROR(IF($AJ$3="Q1",F35+H35+J35,IF($AJ$3="Q2",L35+N35++P35,IF($AJ$3="Q3",R35+T35+V35,IF($AJ$3="Q4",X35+Z35+AB35,0)))),0) -> 238 | AK35: =IFERROR(IF($AJ$3="Q1",G35+I35+K35,IF($AJ$3="Q2",M35+O35++Q35,IF($AJ$3="Q3",S35+U35+W35,IF($AJ$3="Q4",Y35+AA35+AC35,0)))),0) -> 207 | AL35: =IFERROR((AK35/AJ35),0) -> 0.8697479 | AM35: =IFERROR(IF($AM$3="S 1",F35+H35+J35+L35+N35++P35,IF($AM$3="S 2",R35+T35+V35+X35+Z35+AB35,0)),0) -> 447 | AN35: =IFERROR(IF($AM$3="S 1",G35+I35+K35+M35+O35+Q35,IF($AM$3="S 2",S35+U35+W35+Y35+AA35+AC35,0)),0) -> 0 | AO35: =IFERROR((AN35/AM35),0) -> 0
A36: 6 | B36: 100348 | C36: AUGUSTA ARAGÓN | D36: 8596 | E36: Grupo Augusta | F36: 25 | G36: =IFERROR(VLOOKUP(B36,[2]RETAIL!$B$8:$O$63,3,0),0)-IFERROR(IF(B36=100873,VLOOKUP("ENERO",[2]RETAIL!$B$78:$C$91,2,0),0),0) -> 22 | H36: 26 | I36: =IFERROR(VLOOKUP(B36,[2]RETAIL!$B$8:$O$63,4,0),0)-IFERROR(IF(B36=100873,VLOOKUP("FEBRERO",[2]RETAIL!$B$78:$C$91,2,0),0),0) -> 30 | J36: 26 | K36: =IFERROR(VLOOKUP(B36,[2]RETAIL!$B$8:$O$63,5,0),0)-IFERROR(IF(B36=100873,VLOOKUP("MARZO",[2]RETAIL!$B$78:$C$91,2,0),0),0) -> 35 | L36: 26 | M36: =IFERROR(VLOOKUP(B36,[2]RETAIL!$B$8:$O$63,6,0),0)-IFERROR(IF(B36=100873,VLOOKUP("ABRIL",[2]RETAIL!$B$78:$C$91,2,0),0),0) -> 33 | N36: 26 | O36: =IFERROR(VLOOKUP(B36,[2]RETAIL!$B$8:$O$63,7,0),0)-IFERROR(IF(B36=100873,VLOOKUP("MAYO",[2]RETAIL!$B$78:$C$91,2,0),0),0) -> 26 | P36: 26 | Q36: =IFERROR(VLOOKUP(B36,[2]RETAIL!$B$8:$O$63,8,0),0)-IFERROR(IF(B36=100873,VLOOKUP("JUNIO",[2]RETAIL!$B$78:$C$91,2,0),0),0) -> 29 | S36: =IFERROR(VLOOKUP(B36,[2]RETAIL!$B$8:$O$63,9,0),0)-IFERROR(IF(B36=100873,VLOOKUP("JULIO",[2]RETAIL!$B$78:$C$91,2,0),0),0) -> 0 | U36: =IFERROR(VLOOKUP(B36,[2]RETAIL!$B$8:$O$63,10,0),0)-IFERROR(IF(B36=100873,VLOOKUP("AGOSTO",[2]RETAIL!$B$78:$C$91,2,0),0),0) -> 0 | W36: =IFERROR(VLOOKUP(B36,[2]RETAIL!$B$8:$O$63,11,0),0)-IFERROR(IF(B36=100873,VLOOKUP("SEPTIEMBRE",[2]RETAIL!$B$78:$C$91,2,0),0),0) -> 0 | Y36: =IFERROR(VLOOKUP(B36,[2]RETAIL!$B$8:$O$63,12,0),0)-IFERROR(IF(B36=100873,VLOOKUP("OCTUBRE",[2]RETAIL!$B$78:$C$91,2,0),0),0) -> 0 | AA36: =IFERROR(VLOOKUP(B36,[2]RETAIL!$B$8:$O$63,13,0),0)-IFERROR(IF(B36=100873,VLOOKUP("NOVIEMBRE",[2]RETAIL!$B$78:$C$91,2,0),0),0) -> 0 | AC36: =IFERROR(VLOOKUP(B36,[2]RETAIL!$B$8:$O$63,14,0),0)-IFERROR(IF(B36=100873,VLOOKUP("DICIEMBRE",[2]RETAIL!$B$78:$C$91,2,0),0),0) -> 0 | AD36: =IF($AD$2="ENERO",F36,IF($AD$2="FEBRERO",F36+H36,IF($AD$2="MARZO",F36+H36+J36,IF($AD$2="ABRIL",F36+H36+J36+L36,IF($AD$2="MAYO",F36+H36+J36+L36+N36,IF($AD$2="JUNIO",F36+H36+J36+L36+N36+P36,IF($AD$2="JULIO",F36+H36+J36+L36+N36+P36+R36,IF($AD$2="AGOSTO",F36+H36+J36+L36+N36+P36+R36+T36,IF($AD$2="SEPTIEMBRE",F36+H36+J36+L36+N36+P36+R36+T36+V36,IF($AD$2="OCTUBRE",F36+H36+J36+L36+N36+P36+R36+T36+V36+X36,IF($AD$2="NOVIEMBRE",F36+H36+J36+L36+N36+P36+R36+T36+V36+X36+Z36,IF($AD$2="DICIEMBRE",F36+H36+J36+L36+N36+P36+R36+T36+V36+X36+Z36+AB36,"")))))))))))) -> 155 | AE36: =IFERROR(IF($AD$2="ENERO",G36,IF($AD$2="FEBRERO",G36+I36,IF($AD$2="MARZO",G36+I36+K36,IF($AD$2="ABRIL",G36+I36+K36+M36,IF($AD$2="MAYO",G36+I36+K36+M36+O36,IF($AD$2="JUNIO",G36+I36+K36+M36+O36+Q36,IF($AD$2="JULIO",G36+I36+K36+M36+O36+Q36+S36,IF($AD$2="AGOSTO",G36+I36+K36+M36+O36+Q36+S36+U36,IF($AD$2="SEPTIEMBRE",G36+I36+K36+M36+O36+Q36+S36+U36+W36,IF($AD$2="OCTUBRE",G36+I36+K36+M36+O36+Q36+S36+U36+W36+Y36,IF($AD$2="NOVIEMBRE",G36+I36+K36+M36+O36+Q36+S36+U36+W36+Y36+AA36,IF($AD$2="DICIEMBRE",G36+I36+K36+M36+O36+Q36+S36+U36+W36+Y36+AA36+AC36,"")))))))))))),0) -> 175 | AF36: =IFERROR((AE36/AD36),0) -> 1.1290323 | AG36: =+F36+H36+J36+L36+N36+P36+R36+T36+V36+X36+Z36+AB36 -> 155 | AH36: =IFERROR(IF($AD$2="ENERO",G36,IF($AD$2="FEBRERO",G36+I36,IF($AD$2="MARZO",G36+I36+K36,IF($AD$2="ABRIL",G36+I36+K36+M36,IF($AD$2="MAYO",G36+I36+K36+M36+O36,IF($AD$2="JUNIO",G36+I36+K36+M36+O36+Q36,IF($AD$2="JULIO",G36+I36+K36+M36+O36+Q36+S36,IF($AD$2="AGOSTO",G36+I36+K36+M36+O36+Q36+S36+U36,IF($AD$2="SEPTIEMBRE",G36+I36+K36+M36+O36+Q36+S36+U36+W36,IF($AD$2="OCTUBRE",G36+I36+K36+M36+O36+Q36+S36+U36+W36+Y36,IF($AD$2="NOVIEMBRE",G36+I36+K36+M36+O36+Q36+S36+U36+W36+Y36+AA36,IF($AD$2="DICIEMBRE",G36+I36+K36+M36+O36+Q36+S36+U36+W36+Y36+AA36+AC36,"")))))))))))),0) -> 175 | AI36: =IFERROR((AH36/AG36),0) -> 1.1290323 | AJ36: =IFERROR(IF($AJ$3="Q1",F36+H36+J36,IF($AJ$3="Q2",L36+N36++P36,IF($AJ$3="Q3",R36+T36+V36,IF($AJ$3="Q4",X36+Z36+AB36,0)))),0) -> 77 | AK36: =IFERROR(IF($AJ$3="Q1",G36+I36+K36,IF($AJ$3="Q2",M36+O36++Q36,IF($AJ$3="Q3",S36+U36+W36,IF($AJ$3="Q4",Y36+AA36+AC36,0)))),0) -> 87 | AL36: =IFERROR((AK36/AJ36),0) -> 1.1298701 | AM36: =IFERROR(IF($AM$3="S 1",F36+H36+J36+L36+N36++P36,IF($AM$3="S 2",R36+T36+V36+X36+Z36+AB36,0)),0) -> 0 | AN36: =IFERROR(IF($AM$3="S 1",G36+I36+K36+M36+O36+Q36,IF($AM$3="S 2",S36+U36+W36+Y36+AA36+AC36,0)),0) -> 0 | AO36: =IFERROR((AN36/AM36),0) -> 0
A37: 6 | B37: 100585 | C37: CABRERO MOTORSP. | D37: 34177 | E37: Grupo Cabrero | F37: 6 | G37: =IFERROR(VLOOKUP(B37,[2]RETAIL!$B$8:$O$63,3,0),0)-IFERROR(IF(B37=100873,VLOOKUP("ENERO",[2]RETAIL!$B$78:$C$91,2,0),0),0) -> 6 | H37: 6 | I37: =IFERROR(VLOOKUP(B37,[2]RETAIL!$B$8:$O$63,4,0),0)-IFERROR(IF(B37=100873,VLOOKUP("FEBRERO",[2]RETAIL!$B$78:$C$91,2,0),0),0) -> 5 | J37: 7 | K37: =IFERROR(VLOOKUP(B37,[2]RETAIL!$B$8:$O$63,5,0),0)-IFERROR(IF(B37=100873,VLOOKUP("MARZO",[2]RETAIL!$B$78:$C$91,2,0),0),0) -> 11 | L37: 6 | M37: =IFERROR(VLOOKUP(B37,[2]RETAIL!$B$8:$O$63,6,0),0)-IFERROR(IF(B37=100873,VLOOKUP("ABRIL",[2]RETAIL!$B$78:$C$91,2,0),0),0) -> 2 | N37: 6 | O37: =IFERROR(VLOOKUP(B37,[2]RETAIL!$B$8:$O$63,7,0),0)-IFERROR(IF(B37=100873,VLOOKUP("MAYO",[2]RETAIL!$B$78:$C$91,2,0),0),0) -> 9 | P37: 7 | Q37: =IFERROR(VLOOKUP(B37,[2]RETAIL!$B$8:$O$63,8,0),0)-IFERROR(IF(B37=100873,VLOOKUP("JUNIO",[2]RETAIL!$B$78:$C$91,2,0),0),0) -> 10 | R37: 6 | S37: =IFERROR(VLOOKUP(B37,[2]RETAIL!$B$8:$O$63,9,0),0)-IFERROR(IF(B37=100873,VLOOKUP("JULIO",[2]RETAIL!$B$78:$C$91,2,0),0),0) -> 0 | T37: 6 | U37: =IFERROR(VLOOKUP(B37,[2]RETAIL!$B$8:$O$63,10,0),0)-IFERROR(IF(B37=100873,VLOOKUP("AGOSTO",[2]RETAIL!$B$78:$C$91,2,0),0),0) -> 0 | V37: 6 | W37: =IFERROR(VLOOKUP(B37,[2]RETAIL!$B$8:$O$63,11,0),0)-IFERROR(IF(B37=100873,VLOOKUP("SEPTIEMBRE",[2]RETAIL!$B$78:$C$91,2,0),0),0) -> 0 | X37: 6 | Y37: =IFERROR(VLOOKUP(B37,[2]RETAIL!$B$8:$O$63,12,0),0)-IFERROR(IF(B37=100873,VLOOKUP("OCTUBRE",[2]RETAIL!$B$78:$C$91,2,0),0),0) -> 0 | Z37: 6 | AA37: =IFERROR(VLOOKUP(B37,[2]RETAIL!$B$8:$O$63,13,0),0)-IFERROR(IF(B37=100873,VLOOKUP("NOVIEMBRE",[2]RETAIL!$B$78:$C$91,2,0),0),0) -> 0 | AB37: 8 | AC37: =IFERROR(VLOOKUP(B37,[2]RETAIL!$B$8:$O$63,14,0),0)-IFERROR(IF(B37=100873,VLOOKUP("DICIEMBRE",[2]RETAIL!$B$78:$C$91,2,0),0),0) -> 0 | AD37: =IF($AD$2="ENERO",F37,IF($AD$2="FEBRERO",F37+H37,IF($AD$2="MARZO",F37+H37+J37,IF($AD$2="ABRIL",F37+H37+J37+L37,IF($AD$2="MAYO",F37+H37+J37+L37+N37,IF($AD$2="JUNIO",F37+H37+J37+L37+N37+P37,IF($AD$2="JULIO",F37+H37+J37+L37+N37+P37+R37,IF($AD$2="AGOSTO",F37+H37+J37+L37+N37+P37+R37+T37,IF($AD$2="SEPTIEMBRE",F37+H37+J37+L37+N37+P37+R37+T37+V37,IF($AD$2="OCTUBRE",F37+H37+J37+L37+N37+P37+R37+T37+V37+X37,IF($AD$2="NOVIEMBRE",F37+H37+J37+L37+N37+P37+R37+T37+V37+X37+Z37,IF($AD$2="DICIEMBRE",F37+H37+J37+L37+N37+P37+R37+T37+V37+X37+Z37+AB37,"")))))))))))) -> 38 | AE37: =IFERROR(IF($AD$2="ENERO",G37,IF($AD$2="FEBRERO",G37+I37,IF($AD$2="MARZO",G37+I37+K37,IF($AD$2="ABRIL",G37+I37+K37+M37,IF($AD$2="MAYO",G37+I37+K37+M37+O37,IF($AD$2="JUNIO",G37+I37+K37+M37+O37+Q37,IF($AD$2="JULIO",G37+I37+K37+M37+O37+Q37+S37,IF($AD$2="AGOSTO",G37+I37+K37+M37+O37+Q37+S37+U37,IF($AD$2="SEPTIEMBRE",G37+I37+K37+M37+O37+Q37+S37+U37+W37,IF($AD$2="OCTUBRE",G37+I37+K37+M37+O37+Q37+S37+U37+W37+Y37,IF($AD$2="NOVIEMBRE",G37+I37+K37+M37+O37+Q37+S37+U37+W37+Y37+AA37,IF($AD$2="DICIEMBRE",G37+I37+K37+M37+O37+Q37+S37+U37+W37+Y37+AA37+AC37,"")))))))))))),0) -> 43 | AF37: =IFERROR((AE37/AD37),0) -> 1.1315789 | AG37: =+F37+H37+J37+L37+N37+P37+R37+T37+V37+X37+Z37+AB37 -> 76 | AH37: =IFERROR(IF($AD$2="ENERO",G37,IF($AD$2="FEBRERO",G37+I37,IF($AD$2="MARZO",G37+I37+K37,IF($AD$2="ABRIL",G37+I37+K37+M37,IF($AD$2="MAYO",G37+I37+K37+M37+O37,IF($AD$2="JUNIO",G37+I37+K37+M37+O37+Q37,IF($AD$2="JULIO",G37+I37+K37+M37+O37+Q37+S37,IF($AD$2="AGOSTO",G37+I37+K37+M37+O37+Q37+S37+U37,IF($AD$2="SEPTIEMBRE",G37+I37+K37+M37+O37+Q37+S37+U37+W37,IF($AD$2="OCTUBRE",G37+I37+K37+M37+O37+Q37+S37+U37+W37+Y37,IF($AD$2="NOVIEMBRE",G37+I37+K37+M37+O37+Q37+S37+U37+W37+Y37+AA37,IF($AD$2="DICIEMBRE",G37+I37+K37+M37+O37+Q37+S37+U37+W37+Y37+AA37+AC37,"")))))))))))),0) -> 43 | AI37: =IFERROR((AH37/AG37),0) -> 0.56578947 | AJ37: =IFERROR(IF($AJ$3="Q1",F37+H37+J37,IF($AJ$3="Q2",L37+N37++P37,IF($AJ$3="Q3",R37+T37+V37,IF($AJ$3="Q4",X37+Z37+AB37,0)))),0) -> 19 | AK37: =IFERROR(IF($AJ$3="Q1",G37+I37+K37,IF($AJ$3="Q2",M37+O37++Q37,IF($AJ$3="Q3",S37+U37+W37,IF($AJ$3="Q4",Y37+AA37+AC37,0)))),0) -> 22 | AL37: =IFERROR((AK37/AJ37),0) -> 1.1578947 | AM37: =IFERROR(IF($AM$3="S 1",F37+H37+J37+L37+N37++P37,IF($AM$3="S 2",R37+T37+V37+X37+Z37+AB37,0)),0) -> 38 | AN37: =IFERROR(IF($AM$3="S 1",G37+I37+K37+M37+O37+Q37,IF($AM$3="S 2",S37+U37+W37+Y37+AA37+AC37,0)),0) -> 0 | AO37: =IFERROR((AN37/AM37),0) -> 0
A38: 6 | B38: 100597 | C38: AUTOBERÓN | D38: 8596 | E38: Grupo Augusta | F38: 6 | G38: =IFERROR(VLOOKUP(B38,[2]RETAIL!$B$8:$O$63,3,0),0)-IFERROR(IF(B38=100873,VLOOKUP("ENERO",[2]RETAIL!$B$78:$C$91,2,0),0),0) -> 7 | H38: 6 | I38: =IFERROR(VLOOKUP(B38,[2]RETAIL!$B$8:$O$63,4,0),0)-IFERROR(IF(B38=100873,VLOOKUP("FEBRERO",[2]RETAIL!$B$78:$C$91,2,0),0),0) -> 7 | J38: 6 | K38: =IFERROR(VLOOKUP(B38,[2]RETAIL!$B$8:$O$63,5,0),0)-IFERROR(IF(B38=100873,VLOOKUP("MARZO",[2]RETAIL!$B$78:$C$91,2,0),0),0) -> 6 | L38: 6 | M38: =IFERROR(VLOOKUP(B38,[2]RETAIL!$B$8:$O$63,6,0),0)-IFERROR(IF(B38=100873,VLOOKUP("ABRIL",[2]RETAIL!$B$78:$C$91,2,0),0),0) -> 8 | N38: 6 | O38: =IFERROR(VLOOKUP(B38,[2]RETAIL!$B$8:$O$63,7,0),0)-IFERROR(IF(B38=100873,VLOOKUP("MAYO",[2]RETAIL!$B$78:$C$91,2,0),0),0) -> 3 | P38: 7 | Q38: =IFERROR(VLOOKUP(B38,[2]RETAIL!$B$8:$O$63,8,0),0)-IFERROR(IF(B38=100873,VLOOKUP("JUNIO",[2]RETAIL!$B$78:$C$91,2,0),0),0) -> 7 | R38: 6 | S38: =IFERROR(VLOOKUP(B38,[2]RETAIL!$B$8:$O$63,9,0),0)-IFERROR(IF(B38=100873,VLOOKUP("JULIO",[2]RETAIL!$B$78:$C$91,2,0),0),0) -> 0 | T38: 6 | U38: =IFERROR(VLOOKUP(B38,[2]RETAIL!$B$8:$O$63,10,0),0)-IFERROR(IF(B38=100873,VLOOKUP("AGOSTO",[2]RETAIL!$B$78:$C$91,2,0),0),0) -> 0 | V38: 6 | W38: =IFERROR(VLOOKUP(B38,[2]RETAIL!$B$8:$O$63,11,0),0)-IFERROR(IF(B38=100873,VLOOKUP("SEPTIEMBRE",[2]RETAIL!$B$78:$C$91,2,0),0),0) -> 0 | X38: 6 | Y38: =IFERROR(VLOOKUP(B38,[2]RETAIL!$B$8:$O$63,12,0),0)-IFERROR(IF(B38=100873,VLOOKUP("OCTUBRE",[2]RETAIL!$B$78:$C$91,2,0),0),0) -> 0 | Z38: 6 | AA38: =IFERROR(VLOOKUP(B38,[2]RETAIL!$B$8:$O$63,13,0),0)-IFERROR(IF(B38=100873,VLOOKUP("NOVIEMBRE",[2]RETAIL!$B$78:$C$91,2,0),0),0) -> 0 | AB38: 7 | AC38: =IFERROR(VLOOKUP(B38,[2]RETAIL!$B$8:$O$63,14,0),0)-IFERROR(IF(B38=100873,VLOOKUP("DICIEMBRE",[2]RETAIL!$B$78:$C$91,2,0),0),0) -> 0 | AD38: =IF($AD$2="ENERO",F38,IF($AD$2="FEBRERO",F38+H38,IF($AD$2="MARZO",F38+H38+J38,IF($AD$2="ABRIL",F38+H38+J38+L38,IF($AD$2="MAYO",F38+H38+J38+L38+N38,IF($AD$2="JUNIO",F38+H38+J38+L38+N38+P38,IF($AD$2="JULIO",F38+H38+J38+L38+N38+P38+R38,IF($AD$2="AGOSTO",F38+H38+J38+L38+N38+P38+R38+T38,IF($AD$2="SEPTIEMBRE",F38+H38+J38+L38+N38+P38+R38+T38+V38,IF($AD$2="OCTUBRE",F38+H38+J38+L38+N38+P38+R38+T38+V38+X38,IF($AD$2="NOVIEMBRE",F38+H38+J38+L38+N38+P38+R38+T38+V38+X38+Z38,IF($AD$2="DICIEMBRE",F38+H38+J38+L38+N38+P38+R38+T38+V38+X38+Z38+AB38,"")))))))))))) -> 37 | AE38: =IFERROR(IF($AD$2="ENERO",G38,IF($AD$2="FEBRERO",G38+I38,IF($AD$2="MARZO",G38+I38+K38,IF($AD$2="ABRIL",G38+I38+K38+M38,IF($AD$2="MAYO",G38+I38+K38+M38+O38,IF($AD$2="JUNIO",G38+I38+K38+M38+O38+Q38,IF($AD$2="JULIO",G38+I38+K38+M38+O38+Q38+S38,IF($AD$2="AGOSTO",G38+I38+K38+M38+O38+Q38+S38+U38,IF($AD$2="SEPTIEMBRE",G38+I38+K38+M38+O38+Q38+S38+U38+W38,IF($AD$2="OCTUBRE",G38+I38+K38+M38+O38+Q38+S38+U38+W38+Y38,IF($AD$2="NOVIEMBRE",G38+I38+K38+M38+O38+Q38+S38+U38+W38+Y38+AA38,IF($AD$2="DICIEMBRE",G38+I38+K38+M38+O38+Q38+S38+U38+W38+Y38+AA38+AC38,"")))))))))))),0) -> 38 | AF38: =IFERROR((AE38/AD38),0) -> 1.027027 | AG38: =+F38+H38+J38+L38+N38+P38+R38+T38+V38+X38+Z38+AB38 -> 74 | AH38: =IFERROR(IF($AD$2="ENERO",G38,IF($AD$2="FEBRERO",G38+I38,IF($AD$2="MARZO",G38+I38+K38,IF($AD$2="ABRIL",G38+I38+K38+M38,IF($AD$2="MAYO",G38+I38+K38+M38+O38,IF($AD$2="JUNIO",G38+I38+K38+M38+O38+Q38,IF($AD$2="JULIO",G38+I38+K38+M38+O38+Q38+S38,IF($AD$2="AGOSTO",G38+I38+K38+M38+O38+Q38+S38+U38,IF($AD$2="SEPTIEMBRE",G38+I38+K38+M38+O38+Q38+S38+U38+W38,IF($AD$2="OCTUBRE",G38+I38+K38+M38+O38+Q38+S38+U38+W38+Y38,IF($AD$2="NOVIEMBRE",G38+I38+K38+M38+O38+Q38+S38+U38+W38+Y38+AA38,IF($AD$2="DICIEMBRE",G38+I38+K38+M38+O38+Q38+S38+U38+W38+Y38+AA38+AC38,"")))))))))))),0) -> 38 | AI38: =IFERROR((AH38/AG38),0) -> 0.51351351 | AJ38: =IFERROR(IF($AJ$3="Q1",F38+H38+J38,IF($AJ$3="Q2",L38+N38++P38,IF($AJ$3="Q3",R38+T38+V38,IF($AJ$3="Q4",X38+Z38+AB38,0)))),0) -> 18 | AK38: =IFERROR(IF($AJ$3="Q1",G38+I38+K38,IF($AJ$3="Q2",M38+O38++Q38,IF($AJ$3="Q3",S38+U38+W38,IF($AJ$3="Q4",Y38+AA38+AC38,0)))),0) -> 20 | AL38: =IFERROR((AK38/AJ38),0) -> 1.1111111 | AM38: =IFERROR(IF($AM$3="S 1",F38+H38+J38+L38+N38++P38,IF($AM$3="S 2",R38+T38+V38+X38+Z38+AB38,0)),0) -> 37 | AN38: =IFERROR(IF($AM$3="S 1",G38+I38+K38+M38+O38+Q38,IF($AM$3="S 2",S38+U38+W38+Y38+AA38+AC38,0)),0) -> 0 | AO38: =IFERROR((AN38/AM38),0) -> 0
A39: 6 | B39: 100727 | C39: UNICARS PONENT | D39: 39200 | E39: Unicars | F39: 10 | G39: =IFERROR(VLOOKUP(B39,[2]RETAIL!$B$8:$O$63,3,0),0)-IFERROR(IF(B39=100873,VLOOKUP("ENERO",[2]RETAIL!$B$78:$C$91,2,0),0),0) -> 15 | H39: 11 | I39: =IFERROR(VLOOKUP(B39,[2]RETAIL!$B$8:$O$63,4,0),0)-IFERROR(IF(B39=100873,VLOOKUP("FEBRERO",[2]RETAIL!$B$78:$C$91,2,0),0),0) -> 20 | J39: 12 | K39: =IFERROR(VLOOKUP(B39,[2]RETAIL!$B$8:$O$63,5,0),0)-IFERROR(IF(B39=100873,VLOOKUP("MARZO",[2]RETAIL!$B$78:$C$91,2,0),0),0) -> 5 | L39: 12 | M39: =IFERROR(VLOOKUP(B39,[2]RETAIL!$B$8:$O$63,6,0),0)-IFERROR(IF(B39=100873,VLOOKUP("ABRIL",[2]RETAIL!$B$78:$C$91,2,0),0),0) -> 10 | N39: 12 | O39: =IFERROR(VLOOKUP(B39,[2]RETAIL!$B$8:$O$63,7,0),0)-IFERROR(IF(B39=100873,VLOOKUP("MAYO",[2]RETAIL!$B$78:$C$91,2,0),0),0) -> 7 | P39: 13 | Q39: =IFERROR(VLOOKUP(B39,[2]RETAIL!$B$8:$O$63,8,0),0)-IFERROR(IF(B39=100873,VLOOKUP("JUNIO",[2]RETAIL!$B$78:$C$91,2,0),0),0) -> 21 | S39: =IFERROR(VLOOKUP(B39,[2]RETAIL!$B$8:$O$63,9,0),0)-IFERROR(IF(B39=100873,VLOOKUP("JULIO",[2]RETAIL!$B$78:$C$91,2,0),0),0) -> 0 | U39: =IFERROR(VLOOKUP(B39,[2]RETAIL!$B$8:$O$63,10,0),0)-IFERROR(IF(B39=100873,VLOOKUP("AGOSTO",[2]RETAIL!$B$78:$C$91,2,0),0),0) -> 0 | W39: =IFERROR(VLOOKUP(B39,[2]RETAIL!$B$8:$O$63,11,0),0)-IFERROR(IF(B39=100873,VLOOKUP("SEPTIEMBRE",[2]RETAIL!$B$78:$C$91,2,0),0),0) -> 0 | Y39: =IFERROR(VLOOKUP(B39,[2]RETAIL!$B$8:$O$63,12,0),0)-IFERROR(IF(B39=100873,VLOOKUP("OCTUBRE",[2]RETAIL!$B$78:$C$91,2,0),0),0) -> 0 | AA39: =IFERROR(VLOOKUP(B39,[2]RETAIL!$B$8:$O$63,13,0),0)-IFERROR(IF(B39=100873,VLOOKUP("NOVIEMBRE",[2]RETAIL!$B$78:$C$91,2,0),0),0) -> 0 | AC39: =IFERROR(VLOOKUP(B39,[2]RETAIL!$B$8:$O$63,14,0),0)-IFERROR(IF(B39=100873,VLOOKUP("DICIEMBRE",[2]RETAIL!$B$78:$C$91,2,0),0),0) -> 0 | AD39: =IF($AD$2="ENERO",F39,IF($AD$2="FEBRERO",F39+H39,IF($AD$2="MARZO",F39+H39+J39,IF($AD$2="ABRIL",F39+H39+J39+L39,IF($AD$2="MAYO",F39+H39+J39+L39+N39,IF($AD$2="JUNIO",F39+H39+J39+L39+N39+P39,IF($AD$2="JULIO",F39+H39+J39+L39+N39+P39+R39,IF($AD$2="AGOSTO",F39+H39+J39+L39+N39+P39+R39+T39,IF($AD$2="SEPTIEMBRE",F39+H39+J39+L39+N39+P39+R39+T39+V39,IF($AD$2="OCTUBRE",F39+H39+J39+L39+N39+P39+R39+T39+V39+X39,IF($AD$2="NOVIEMBRE",F39+H39+J39+L39+N39+P39+R39+T39+V39+X39+Z39,IF($AD$2="DICIEMBRE",F39+H39+J39+L39+N39+P39+R39+T39+V39+X39+Z39+AB39,"")))))))))))) -> 70 | AE39: =IFERROR(IF($AD$2="ENERO",G39,IF($AD$2="FEBRERO",G39+I39,IF($AD$2="MARZO",G39+I39+K39,IF($AD$2="ABRIL",G39+I39+K39+M39,IF($AD$2="MAYO",G39+I39+K39+M39+O39,IF($AD$2="JUNIO",G39+I39+K39+M39+O39+Q39,IF($AD$2="JULIO",G39+I39+K39+M39+O39+Q39+S39,IF($AD$2="AGOSTO",G39+I39+K39+M39+O39+Q39+S39+U39,IF($AD$2="SEPTIEMBRE",G39+I39+K39+M39+O39+Q39+S39+U39+W39,IF($AD$2="OCTUBRE",G39+I39+K39+M39+O39+Q39+S39+U39+W39+Y39,IF($AD$2="NOVIEMBRE",G39+I39+K39+M39+O39+Q39+S39+U39+W39+Y45+AA39,IF($AD$2="DICIEMBRE",G39+I39+K39+M39+O39+Q39+S39+U39+W39+Y45+AA39+AC39,"")))))))))))),0) -> 78 | AF39: =IFERROR((AE39/AD39),0) -> 1.1142857 | AG39: =+F39+H39+J39+L39+N39+P39+R39+T39+V39+X39+Z39+AB39 -> 70 | AH39: =IFERROR(IF($AD$2="ENERO",G39,IF($AD$2="FEBRERO",G39+I39,IF($AD$2="MARZO",G39+I39+K39,IF($AD$2="ABRIL",G39+I39+K39+M39,IF($AD$2="MAYO",G39+I39+K39+M39+O39,IF($AD$2="JUNIO",G39+I39+K39+M39+O39+Q39,IF($AD$2="JULIO",G39+I39+K39+M39+O39+Q39+S39,IF($AD$2="AGOSTO",G39+I39+K39+M39+O39+Q39+S39+U39,IF($AD$2="SEPTIEMBRE",G39+I39+K39+M39+O39+Q39+S39+U39+W39,IF($AD$2="OCTUBRE",G39+I39+K39+M39+O39+Q39+S39+U39+W39+Y39,IF($AD$2="NOVIEMBRE",G39+I39+K39+M39+O39+Q39+S39+U39+W39+Y45+AA39,IF($AD$2="DICIEMBRE",G39+I39+K39+M39+O39+Q39+S39+U39+W39+Y45+AA39+AC39,"")))))))))))),0) -> 78 | AI39: =IFERROR((AH39/AG39),0) -> 1.1142857 | AJ39: =IFERROR(IF($AJ$3="Q1",F39+H39+J39,IF($AJ$3="Q2",L39+N39++P39,IF($AJ$3="Q3",R39+T39+V39,IF($AJ$3="Q4",X39+Z39+AB39,0)))),0) -> 33 | AK39: =IFERROR(IF($AJ$3="Q1",G39+I39+K39,IF($AJ$3="Q2",M39+O39++Q39,IF($AJ$3="Q3",S39+U39+W39,IF($AJ$3="Q4",Y39+AA39+AC39,0)))),0) -> 40 | AL39: =IFERROR((AK39/AJ39),0) -> 1.2121212 | AM39: =IFERROR(IF($AM$3="S 1",F39+H39+J39+L39+N39++P39,IF($AM$3="S 2",R39+T39+V39+X39+Z39+AB39,0)),0) -> 0 | AN39: =IFERROR(IF($AM$3="S 1",G39+I39+K39+M39+O39+Q39,IF($AM$3="S 2",S39+U39+W39+Y39+AA39+AC39,0)),0) -> 0 | AO39: =IFERROR((AN39/AM39),0) -> 0
A40: 6 | B40: 100728 | C40: OLIVA MOTOR | D40: 39349 | E40: Grupo Oliva | F40: 30 | G40: =IFERROR(VLOOKUP(B40,[2]RETAIL!$B$8:$O$63,3,0),0)-IFERROR(IF(B40=100873,VLOOKUP("ENERO",[2]RETAIL!$B$78:$C$91,2,0),0),0) -> 24 | H40: 31 | I40: =IFERROR(VLOOKUP(B40,[2]RETAIL!$B$8:$O$63,4,0),0)-IFERROR(IF(B40=100873,VLOOKUP("FEBRERO",[2]RETAIL!$B$78:$C$91,2,0),0),0) -> 27 | J40: 31 | K40: =IFERROR(VLOOKUP(B40,[2]RETAIL!$B$8:$O$63,5,0),0)-IFERROR(IF(B40=100873,VLOOKUP("MARZO",[2]RETAIL!$B$78:$C$91,2,0),0),0) -> 33 | L40: 31 | M40: =IFERROR(VLOOKUP(B40,[2]RETAIL!$B$8:$O$63,6,0),0)-IFERROR(IF(B40=100873,VLOOKUP("ABRIL",[2]RETAIL!$B$78:$C$91,2,0),0),0) -> 45 | N40: 31 | O40: =IFERROR(VLOOKUP(B40,[2]RETAIL!$B$8:$O$63,7,0),0)-IFERROR(IF(B40=100873,VLOOKUP("MAYO",[2]RETAIL!$B$78:$C$91,2,0),0),0) -> 23 | P40: 31 | Q40: =IFERROR(VLOOKUP(B40,[2]RETAIL!$B$8:$O$63,8,0),0)-IFERROR(IF(B40=100873,VLOOKUP("JUNIO",[2]RETAIL!$B$78:$C$91,2,0),0),0) -> 60 | R40: 32 | S40: =IFERROR(VLOOKUP(B40,[2]RETAIL!$B$8:$O$63,9,0),0)-IFERROR(IF(B40=100873,VLOOKUP("JULIO",[2]RETAIL!$B$78:$C$91,2,0),0),0) -> 0 | T40: 32 | U40: =IFERROR(VLOOKUP(B40,[2]RETAIL!$B$8:$O$63,10,0),0)-IFERROR(IF(B40=100873,VLOOKUP("AGOSTO",[2]RETAIL!$B$78:$C$91,2,0),0),0) -> 0 | V40: 32 | W40: =IFERROR(VLOOKUP(B40,[2]RETAIL!$B$8:$O$63,11,0),0)-IFERROR(IF(B40=100873,VLOOKUP("SEPTIEMBRE",[2]RETAIL!$B$78:$C$91,2,0),0),0) -> 0 | X40: 32 | Y40: =IFERROR(VLOOKUP(B40,[2]RETAIL!$B$8:$O$63,12,0),0)-IFERROR(IF(B40=100873,VLOOKUP("OCTUBRE",[2]RETAIL!$B$78:$C$91,2,0),0),0) -> 0 | Z40: 32 | AA40: =IFERROR(VLOOKUP(B40,[2]RETAIL!$B$8:$O$63,13,0),0)-IFERROR(IF(B40=100873,VLOOKUP("NOVIEMBRE",[2]RETAIL!$B$78:$C$91,2,0),0),0) -> 0 | AB40: 30 | AC40: =IFERROR(VLOOKUP(B40,[2]RETAIL!$B$8:$O$63,14,0),0)-IFERROR(IF(B40=100873,VLOOKUP("DICIEMBRE",[2]RETAIL!$B$78:$C$91,2,0),0),0) -> 0 | AD40: =IF($AD$2="ENERO",F40,IF($AD$2="FEBRERO",F40+H40,IF($AD$2="MARZO",F40+H40+J40,IF($AD$2="ABRIL",F40+H40+J40+L40,IF($AD$2="MAYO",F40+H40+J40+L40+N40,IF($AD$2="JUNIO",F40+H40+J40+L40+N40+P40,IF($AD$2="JULIO",F40+H40+J40+L40+N40+P40+R40,IF($AD$2="AGOSTO",F40+H40+J40+L40+N40+P40+R40+T40,IF($AD$2="SEPTIEMBRE",F40+H40+J40+L40+N40+P40+R40+T40+V40,IF($AD$2="OCTUBRE",F40+H40+J40+L40+N40+P40+R40+T40+V40+X40,IF($AD$2="NOVIEMBRE",F40+H40+J40+L40+N40+P40+R40+T40+V40+X40+Z40,IF($AD$2="DICIEMBRE",F40+H40+J40+L40+N40+P40+R40+T40+V40+X40+Z40+AB40,"")))))))))))) -> 185 | AE40: =IFERROR(IF($AD$2="ENERO",G40,IF($AD$2="FEBRERO",G40+I40,IF($AD$2="MARZO",G40+I40+K40,IF($AD$2="ABRIL",G40+I40+K40+M40,IF($AD$2="MAYO",G40+I40+K40+M40+O40,IF($AD$2="JUNIO",G40+I40+K40+M40+O40+Q40,IF($AD$2="JULIO",G40+I40+K40+M40+O40+Q40+S40,IF($AD$2="AGOSTO",G40+I40+K40+M40+O40+Q40+S40+U40,IF($AD$2="SEPTIEMBRE",G40+I40+K40+M40+O40+Q40+S40+U40+W40,IF($AD$2="OCTUBRE",G40+I40+K40+M40+O40+Q40+S40+U40+W40+Y40,IF($AD$2="NOVIEMBRE",G40+I40+K40+M40+O40+Q40+S40+U40+W40+Y54+AA40,IF($AD$2="DICIEMBRE",G40+I40+K40+M40+O40+Q40+S40+U40+W40+Y54+AA40+AC40,"")))))))))))),0) -> 212 | AF40: =IFERROR((AE40/AD40),0) -> 1.1459459 | AG40: =+F40+H40+J40+L40+N40+P40+R40+T40+V40+X40+Z40+AB40 -> 375 | AH40: =IFERROR(IF($AD$2="ENERO",G40,IF($AD$2="FEBRERO",G40+I40,IF($AD$2="MARZO",G40+I40+K40,IF($AD$2="ABRIL",G40+I40+K40+M40,IF($AD$2="MAYO",G40+I40+K40+M40+O40,IF($AD$2="JUNIO",G40+I40+K40+M40+O40+Q40,IF($AD$2="JULIO",G40+I40+K40+M40+O40+Q40+S40,IF($AD$2="AGOSTO",G40+I40+K40+M40+O40+Q40+S40+U40,IF($AD$2="SEPTIEMBRE",G40+I40+K40+M40+O40+Q40+S40+U40+W40,IF($AD$2="OCTUBRE",G40+I40+K40+M40+O40+Q40+S40+U40+W40+Y40,IF($AD$2="NOVIEMBRE",G40+I40+K40+M40+O40+Q40+S40+U40+W40+Y54+AA40,IF($AD$2="DICIEMBRE",G40+I40+K40+M40+O40+Q40+S40+U40+W40+Y54+AA40+AC40,"")))))))))))),0) -> 212 | AI40: =IFERROR((AH40/AG40),0) -> 0.56533333 | AJ40: =IFERROR(IF($AJ$3="Q1",F40+H40+J40,IF($AJ$3="Q2",L40+N40++P40,IF($AJ$3="Q3",R40+T40+V40,IF($AJ$3="Q4",X40+Z40+AB40,0)))),0) -> 92 | AK40: =IFERROR(IF($AJ$3="Q1",G40+I40+K40,IF($AJ$3="Q2",M40+O40++Q40,IF($AJ$3="Q3",S40+U40+W40,IF($AJ$3="Q4",Y40+AA40+AC40,0)))),0) -> 84 | AL40: =IFERROR((AK40/AJ40),0) -> 0.91304348 | AM40: =IFERROR(IF($AM$3="S 1",F40+H40+J40+L40+N40++P40,IF($AM$3="S 2",R40+T40+V40+X40+Z40+AB40,0)),0) -> 190 | AN40: =IFERROR(IF($AM$3="S 1",G40+I40+K40+M40+O40+Q40,IF($AM$3="S 2",S40+U40+W40+Y40+AA40+AC40,0)),0) -> 0 | AO40: =IFERROR((AN40/AM40),0) -> 0
A41: 6 | B41: 100817 | C41: OLIVA MOTOR GIRONA | D41: 39349 | E41: Grupo Oliva | F41: 30 | G41: =IFERROR(VLOOKUP(B41,[2]RETAIL!$B$8:$O$63,3,0),0)-IFERROR(IF(B41=100873,VLOOKUP("ENERO",[2]RETAIL!$B$78:$C$91,2,0),0),0) -> 30 | H41: 30 | I41: =IFERROR(VLOOKUP(B41,[2]RETAIL!$B$8:$O$63,4,0),0)-IFERROR(IF(B41=100873,VLOOKUP("FEBRERO",[2]RETAIL!$B$78:$C$91,2,0),0),0) -> 22 | J41: 30 | K41: =IFERROR(VLOOKUP(B41,[2]RETAIL!$B$8:$O$63,5,0),0)-IFERROR(IF(B41=100873,VLOOKUP("MARZO",[2]RETAIL!$B$78:$C$91,2,0),0),0) -> 38 | L41: 30 | M41: =IFERROR(VLOOKUP(B41,[2]RETAIL!$B$8:$O$63,6,0),0)-IFERROR(IF(B41=100873,VLOOKUP("ABRIL",[2]RETAIL!$B$78:$C$91,2,0),0),0) -> 42 | N41: 30 | O41: =IFERROR(VLOOKUP(B41,[2]RETAIL!$B$8:$O$63,7,0),0)-IFERROR(IF(B41=100873,VLOOKUP("MAYO",[2]RETAIL!$B$78:$C$91,2,0),0),0) -> 39 | P41: 30 | Q41: =IFERROR(VLOOKUP(B41,[2]RETAIL!$B$8:$O$63,8,0),0)-IFERROR(IF(B41=100873,VLOOKUP("JUNIO",[2]RETAIL!$B$78:$C$91,2,0),0),0) -> 47 | R41: 33 | S41: =IFERROR(VLOOKUP(B41,[2]RETAIL!$B$8:$O$63,9,0),0)-IFERROR(IF(B41=100873,VLOOKUP("JULIO",[2]RETAIL!$B$78:$C$91,2,0),0),0) -> 0 | T41: 33 | U41: =IFERROR(VLOOKUP(B41,[2]RETAIL!$B$8:$O$63,10,0),0)-IFERROR(IF(B41=100873,VLOOKUP("AGOSTO",[2]RETAIL!$B$78:$C$91,2,0),0),0) -> 0 | V41: 33 | W41: =IFERROR(VLOOKUP(B41,[2]RETAIL!$B$8:$O$63,11,0),0)-IFERROR(IF(B41=100873,VLOOKUP("SEPTIEMBRE",[2]RETAIL!$B$78:$C$91,2,0),0),0) -> 0 | X41: 33 | Y41: =IFERROR(VLOOKUP(B41,[2]RETAIL!$B$8:$O$63,12,0),0)-IFERROR(IF(B41=100873,VLOOKUP("OCTUBRE",[2]RETAIL!$B$78:$C$91,2,0),0),0) -> 0 | Z41: 33 | AA41: =IFERROR(VLOOKUP(B41,[2]RETAIL!$B$8:$O$63,13,0),0)-IFERROR(IF(B41=100873,VLOOKUP("NOVIEMBRE",[2]RETAIL!$B$78:$C$91,2,0),0),0) -> 0 | AB41: 35 | AC41: =IFERROR(VLOOKUP(B41,[2]RETAIL!$B$8:$O$63,14,0),0)-IFERROR(IF(B41=100873,VLOOKUP("DICIEMBRE",[2]RETAIL!$B$78:$C$91,2,0),0),0) -> 0 | AD41: =IF($AD$2="ENERO",F41,IF($AD$2="FEBRERO",F41+H41,IF($AD$2="MARZO",F41+H41+J41,IF($AD$2="ABRIL",F41+H41+J41+L41,IF($AD$2="MAYO",F41+H41+J41+L41+N41,IF($AD$2="JUNIO",F41+H41+J41+L41+N41+P41,IF($AD$2="JULIO",F41+H41+J41+L41+N41+P41+R41,IF($AD$2="AGOSTO",F41+H41+J41+L41+N41+P41+R41+T41,IF($AD$2="SEPTIEMBRE",F41+H41+J41+L41+N41+P41+R41+T41+V41,IF($AD$2="OCTUBRE",F41+H41+J41+L41+N41+P41+R41+T41+V41+X41,IF($AD$2="NOVIEMBRE",F41+H41+J41+L41+N41+P41+R41+T41+V41+X41+Z41,IF($AD$2="DICIEMBRE",F41+H41+J41+L41+N41+P41+R41+T41+V41+X41+Z41+AB41,"")))))))))))) -> 180 | AE41: =IFERROR(IF($AD$2="ENERO",G41,IF($AD$2="FEBRERO",G41+I41,IF($AD$2="MARZO",G41+I41+K41,IF($AD$2="ABRIL",G41+I41+K41+M41,IF($AD$2="MAYO",G41+I41+K41+M41+O41,IF($AD$2="JUNIO",G41+I41+K41+M41+O41+Q41,IF($AD$2="JULIO",G41+I41+K41+M41+O41+Q41+S41,IF($AD$2="AGOSTO",G41+I41+K41+M41+O41+Q41+S41+U41,IF($AD$2="SEPTIEMBRE",G41+I41+K41+M41+O41+Q41+S41+U41+W41,IF($AD$2="OCTUBRE",G41+I41+K41+M41+O41+Q41+S41+U41+W41+Y41,IF($AD$2="NOVIEMBRE",G41+I41+K41+M41+O41+Q41+S41+U41+W41+Y39+AA41,IF($AD$2="DICIEMBRE",G41+I41+K41+M41+O41+Q41+S41+U41+W41+Y39+AA41+AC41,"")))))))))))),0) -> 218 | AF41: =IFERROR((AE41/AD41),0) -> 1.2111111 | AG41: =+F41+H41+J41+L41+N41+P41+R41+T41+V41+X41+Z41+AB41 -> 380 | AH41: =IFERROR(IF($AD$2="ENERO",G41,IF($AD$2="FEBRERO",G41+I41,IF($AD$2="MARZO",G41+I41+K41,IF($AD$2="ABRIL",G41+I41+K41+M41,IF($AD$2="MAYO",G41+I41+K41+M41+O41,IF($AD$2="JUNIO",G41+I41+K41+M41+O41+Q41,IF($AD$2="JULIO",G41+I41+K41+M41+O41+Q41+S41,IF($AD$2="AGOSTO",G41+I41+K41+M41+O41+Q41+S41+U41,IF($AD$2="SEPTIEMBRE",G41+I41+K41+M41+O41+Q41+S41+U41+W41,IF($AD$2="OCTUBRE",G41+I41+K41+M41+O41+Q41+S41+U41+W41+Y41,IF($AD$2="NOVIEMBRE",G41+I41+K41+M41+O41+Q41+S41+U41+W41+Y39+AA41,IF($AD$2="DICIEMBRE",G41+I41+K41+M41+O41+Q41+S41+U41+W41+Y39+AA41+AC41,"")))))))))))),0) -> 218 | AI41: =IFERROR((AH41/AG41),0) -> 0.57368421 | AJ41: =IFERROR(IF($AJ$3="Q1",F41+H41+J41,IF($AJ$3="Q2",L41+N41++P41,IF($AJ$3="Q3",R41+T41+V41,IF($AJ$3="Q4",X41+Z41+AB41,0)))),0) -> 90 | AK41: =IFERROR(IF($AJ$3="Q1",G41+I41+K41,IF($AJ$3="Q2",M41+O41++Q41,IF($AJ$3="Q3",S41+U41+W41,IF($AJ$3="Q4",Y41+AA41+AC41,0)))),0) -> 90 | AL41: =IFERROR((AK41/AJ41),0) -> 1 | AM41: =IFERROR(IF($AM$3="S 1",F41+H41+J41+L41+N41++P41,IF($AM$3="S 2",R41+T41+V41+X41+Z41+AB41,0)),0) -> 200 | AN41: =IFERROR(IF($AM$3="S 1",G41+I41+K41+M41+O41+Q41,IF($AM$3="S 2",S41+U41+W41+Y41+AA41+AC41,0)),0) -> 0 | AO41: =IFERROR((AN41/AM41),0) -> 0
B42: TOTAL DISTRITO 6 | F42: =SUM(F36:F41) -> 107 | G42: =SUM(G36:G41) -> 104 | H42: =SUM(H36:H41) -> 110 | I42: =SUM(I36:I41) -> 111 | J42: =SUM(J36:J41) -> 112 | K42: =SUM(K36:K41) -> 128 | L42: =SUM(L36:L41) -> 111 | M42: =SUM(M36:M41) -> 140 | ... AC42: =SUM(AC36:AC41) -> 0 | AD42: =IF($AD$2="ENERO",F42,IF($AD$2="FEBRERO",F42+H42,IF($AD$2="MARZO",F42+H42+J42,IF($AD$2="ABRIL",F42+H42+J42+L42,IF($AD$2="MAYO",F42+H42+J42+L42+N42,IF($AD$2="JUNIO",F42+H42+J42+L42+N42+P42,IF($AD$2="JULIO",F42+H42+J42+L42+N42+P42+R42,IF($AD$2="AGOSTO",F42+H42+J42+L42+N42+P42+R42+T42,IF($AD$2="SEPTIEMBRE",F42+H42+J42+L42+N42+P42+R42+T42+V42,IF($AD$2="OCTUBRE",F42+H42+J42+L42+N42+P42+R42+T42+V42+X42,IF($AD$2="NOVIEMBRE",F42+H42+J42+L42+N42+P42+R42+T42+V42+X42+Z42,IF($AD$2="DICIEMBRE",F42+H42+J42+L42+N42+P42+R42+T42+V42+X42+Z42+AB42,"")))))))))))) -> 665 | AE42: =IF($AD$2="ENERO",G42,IF($AD$2="FEBRERO",G42+I42,IF($AD$2="MARZO",G42+I42+K42,IF($AD$2="ABRIL",G42+I42+K42+M42,IF($AD$2="MAYO",G42+I42+K42+M42+O42,IF($AD$2="JUNIO",G42+I42+K42+M42+O42+Q42,IF($AD$2="JULIO",G42+I42+K42+M42+O42+Q42+S42,IF($AD$2="AGOSTO",G42+I42+K42+M42+O42+Q42+S42+U42,IF($AD$2="SEPTIEMBRE",G42+I42+K42+M42+O42+Q42+S42+U42+W42,IF($AD$2="OCTUBRE",G42+I42+K42+M42+O42+Q42+S42+U42+W42+Y42,IF($AD$2="NOVIEMBRE",G42+I42+K42+M42+O42+Q42+S42+U42+W42+Y42+AA42,IF($AD$2="DICIEMBRE",G42+I42+K42+M42+O42+Q42+S42+U42+W42+Y42+AA42+AC42,"")))))))))))) -> 764 | AF42: =IFERROR((AE42/AD42),0) -> 1.1488722 | AG42: =+F42+H42+J42+L42+N42+P42+R42+T42+V42+X42+Z42+AB42 -> 1130 | AH42: =IF($AD$2="ENERO",G42,IF($AD$2="FEBRERO",G42+I42,IF($AD$2="MARZO",G42+I42+K42,IF($AD$2="ABRIL",G42+I42+K42+M42,IF($AD$2="MAYO",G42+I42+K42+M42+O42,IF($AD$2="JUNIO",G42+I42+K42+M42+O42+Q42,IF($AD$2="JULIO",G42+I42+K42+M42+O42+Q42+S42,IF($AD$2="AGOSTO",G42+I42+K42+M42+O42+Q42+S42+U42,IF($AD$2="SEPTIEMBRE",G42+I42+K42+M42+O42+Q42+S42+U42+W42,IF($AD$2="OCTUBRE",G42+I42+K42+M42+O42+Q42+S42+U42+W42+Y42,IF($AD$2="NOVIEMBRE",G42+I42+K42+M42+O42+Q42+S42+U42+W42+Y42+AA42,IF($AD$2="DICIEMBRE",G42+I42+K42+M42+O42+Q42+S42+U42+W42+Y42+AA42+AC42,"")))))))))))) -> 764 | AI42: =IFERROR((AH42/AG42),0) -> 0.67610619 | AJ42: =IFERROR(IF($AJ$3="Q1",F42+H42+J42,IF($AJ$3="Q2",L42+N42++P42,IF($AJ$3="Q3",R42+T42+V42,IF($AJ$3="Q4",X42+Z42+AB42,0)))),0) -> 329 | AK42: =IFERROR(IF($AJ$3="Q1",G42+I42+K42,IF($AJ$3="Q2",M42+O42++Q42,IF($AJ$3="Q3",S42+U42+W42,IF($AJ$3="Q4",Y42+AA42+AC42,0)))),0) -> 343 | AL42: =IFERROR((AK42/AJ42),0) -> 1.0425532 | AM42: =IFERROR(IF($AM$3="S 1",F42+H42+J42+L42+N42++P42,IF($AM$3="S 2",R42+T42+V42+X42+Z42+AB42,0)),0) -> 465 | AN42: =IFERROR(IF($AM$3="S 1",G42+I42+K42+M42+O42+Q42,IF($AM$3="S 2",S42+U42+W42+Y42+AA42+AC42,0)),0) -> 0 | AO42: =IFERROR((AN42/AM42),0) -> 0
A43: 7 | B43: 100909 | C43: QUADIS MUNICH | D43: 54468 | E43: Grupo Altrac | F43: 28 | G43: =IFERROR(VLOOKUP(B43,[2]RETAIL!$B$8:$O$63,3,0),0)-IFERROR(IF(B43=100873,VLOOKUP("ENERO",[2]RETAIL!$B$78:$C$91,2,0),0),0) -> 18 | H43: 28 | I43: =IFERROR(VLOOKUP(B43,[2]RETAIL!$B$9:$O$63,4,0),0)-IFERROR(IF(B43=100873,GETPIVOTDATA("Chasis",[2]RETAIL!$B$77,"Código INT",100873,"Concesión","Bymycar Madrid","Fecha venta mes","Febrero"),0),0) -> 16 | J43: 28 | K43: =IFERROR(VLOOKUP(B43,[2]RETAIL!$B$8:$O$63,5,0),0)-IFERROR(IF(B43=100873,VLOOKUP("MARZO",[2]RETAIL!$B$78:$C$91,2,0),0),0) -> 25 | L43: 28 | M43: =IFERROR(VLOOKUP(B43,[2]RETAIL!$B$8:$O$63,6,0),0)-IFERROR(IF(B43=100873,VLOOKUP("ABRIL",[2]RETAIL!$B$78:$C$91,2,0),0),0) -> 19 | N43: 28 | O43: =IFERROR(VLOOKUP(B43,[2]RETAIL!$B$8:$O$63,7,0),0)-IFERROR(IF(B43=100873,VLOOKUP("MAYO",[2]RETAIL!$B$78:$C$91,2,0),0),0) -> 25 | P43: 28 | Q43: =IFERROR(VLOOKUP(B43,[2]RETAIL!$B$8:$O$63,8,0),0)-IFERROR(IF(B43=100873,VLOOKUP("JUNIO",[2]RETAIL!$B$78:$C$91,2,0),0),0) -> 19 | S43: =IFERROR(VLOOKUP(B43,[2]RETAIL!$B$8:$O$63,9,0),0)-IFERROR(IF(B43=100873,VLOOKUP("JULIO",[2]RETAIL!$B$78:$C$91,2,0),0),0) -> 0 | U43: =IFERROR(VLOOKUP(B43,[2]RETAIL!$B$8:$O$63,10,0),0)-IFERROR(IF(B43=100873,VLOOKUP("AGOSTO",[2]RETAIL!$B$78:$C$91,2,0),0),0) -> 0 | W43: =IFERROR(VLOOKUP(B43,[2]RETAIL!$B$8:$O$63,11,0),0)-IFERROR(IF(B43=100873,VLOOKUP("SEPTIEMBRE",[2]RETAIL!$B$78:$C$91,2,0),0),0) -> 0 | Y43: =IFERROR(VLOOKUP(B43,[2]RETAIL!$B$8:$O$63,12,0),0)-IFERROR(IF(B43=100873,VLOOKUP("OCTUBRE",[2]RETAIL!$B$78:$C$91,2,0),0),0) -> 0 | AA43: =IFERROR(VLOOKUP(B43,[2]RETAIL!$B$8:$O$63,13,0),0)-IFERROR(IF(B43=100873,VLOOKUP("NOVIEMBRE",[2]RETAIL!$B$78:$C$91,2,0),0),0) -> 0 | AC43: =IFERROR(VLOOKUP(B43,[2]RETAIL!$B$8:$O$63,14,0),0)-IFERROR(IF(B43=100873,VLOOKUP("DICIEMBRE",[2]RETAIL!$B$78:$C$91,2,0),0),0) -> 0 | AD43: =IF($AD$2="ENERO",F43,IF($AD$2="FEBRERO",F43+H43,IF($AD$2="MARZO",F43+H43+J43,IF($AD$2="ABRIL",F43+H43+J43+L43,IF($AD$2="MAYO",F43+H43+J43+L43+N43,IF($AD$2="JUNIO",F43+H43+J43+L43+N43+P43,IF($AD$2="JULIO",F43+H43+J43+L43+N43+P43+R43,IF($AD$2="AGOSTO",F43+H43+J43+L43+N43+P43+R43+T43,IF($AD$2="SEPTIEMBRE",F43+H43+J43+L43+N43+P43+R43+T43+V43,IF($AD$2="OCTUBRE",F43+H43+J43+L43+N43+P43+R43+T43+V43+X43,IF($AD$2="NOVIEMBRE",F43+H43+J43+L43+N43+P43+R43+T43+V43+X43+Z43,IF($AD$2="DICIEMBRE",F43+H43+J43+L43+N43+P43+R43+T43+V43+X43+Z43+AB43,"")))))))))))) -> 168 | AE43: =IFERROR(IF($AD$2="ENERO",G43,IF($AD$2="FEBRERO",G43+I43,IF($AD$2="MARZO",G43+I43+K43,IF($AD$2="ABRIL",G43+I43+K43+M43,IF($AD$2="MAYO",G43+I43+K43+M43+O43,IF($AD$2="JUNIO",G43+I43+K43+M43+O43+Q43,IF($AD$2="JULIO",G43+I43+K43+M43+O43+Q43+S43,IF($AD$2="AGOSTO",G43+I43+K43+M43+O43+Q43+S43+U43,IF($AD$2="SEPTIEMBRE",G43+I43+K43+M43+O43+Q43+S43+U43+W43,IF($AD$2="OCTUBRE",G43+I43+K43+M43+O43+Q43+S43+U43+W43+Y43,IF($AD$2="NOVIEMBRE",G43+I43+K43+M43+O43+Q43+S43+U43+W43+Y43+AA43,IF($AD$2="DICIEMBRE",G43+I43+K43+M43+O43+Q43+S43+U43+W43+Y43+AA43+AC43,"")))))))))))),0) -> 122 | AF43: =IFERROR((AE43/AD43),0) -> 0.72619048 | AG43: =+F43+H43+J43+L43+N43+P43+R43+T43+V43+X43+Z43+AB43 -> 168 | AH43: =IFERROR(IF($AD$2="ENERO",G43,IF($AD$2="FEBRERO",G43+I43,IF($AD$2="MARZO",G43+I43+K43,IF($AD$2="ABRIL",G43+I43+K43+M43,IF($AD$2="MAYO",G43+I43+K43+M43+O43,IF($AD$2="JUNIO",G43+I43+K43+M43+O43+Q43,IF($AD$2="JULIO",G43+I43+K43+M43+O43+Q43+S43,IF($AD$2="AGOSTO",G43+I43+K43+M43+O43+Q43+S43+U43,IF($AD$2="SEPTIEMBRE",G43+I43+K43+M43+O43+Q43+S43+U43+W43,IF($AD$2="OCTUBRE",G43+I43+K43+M43+O43+Q43+S43+U43+W43+Y43,IF($AD$2="NOVIEMBRE",G43+I43+K43+M43+O43+Q43+S43+U43+W43+Y43+AA43,IF($AD$2="DICIEMBRE",G43+I43+K43+M43+O43+Q43+S43+U43+W43+Y43+AA43+AC43,"")))))))))))),0) -> 122 | AI43: =IFERROR((AH43/AG43),0) -> 0.72619048 | AJ43: =IFERROR(IF($AJ$3="Q1",F43+H43+J43,IF($AJ$3="Q2",L43+N43++P43,IF($AJ$3="Q3",R43+T43+V43,IF($AJ$3="Q4",X43+Z43+AB43,0)))),0) -> 84 | AK43: =IFERROR(IF($AJ$3="Q1",G43+I43+K43,IF($AJ$3="Q2",M43+O43++Q43,IF($AJ$3="Q3",S43+U43+W43,IF($AJ$3="Q4",Y43+AA43+AC43,0)))),0) -> 59 | AL43: =IFERROR((AK43/AJ43),0) -> 0.70238095 | AM43: =IFERROR(IF($AM$3="S 1",F43+H43+J43+L43+N43++P43,IF($AM$3="S 2",R43+T43+V43+X43+Z43+AB43,0)),0) -> 0 | AN43: =IFERROR(IF($AM$3="S 1",G43+I43+K43+M43+O43+Q43,IF($AM$3="S 2",S43+U43+W43+Y43+AA43+AC43,0)),0) -> 0 | AO43: =IFERROR((AN43/AM43),0) -> 0
A44: 7 | B44: 100572 | C44: BARCELONA PREMIUM | D44: 8337 | E44: Grupo Caetano | F44: 67 | G44: =IFERROR(VLOOKUP(B44,[2]RETAIL!$B$8:$O$63,3,0),0)-IFERROR(IF(B44=100873,VLOOKUP("ENERO",[2]RETAIL!$B$78:$C$91,2,0),0),0) -> 47 | H44: 67 | I44: =IFERROR(VLOOKUP(B44,[2]RETAIL!$B$9:$O$63,4,0),0)-IFERROR(IF(B44=100873,GETPIVOTDATA("Chasis",[2]RETAIL!$B$77,"Código INT",100873,"Concesión","Bymycar Madrid","Fecha venta mes","Febrero"),0),0) -> 49 | J44: 67 | K44: =IFERROR(VLOOKUP(B44,[2]RETAIL!$B$8:$O$63,5,0),0)-IFERROR(IF(B44=100873,VLOOKUP("MARZO",[2]RETAIL!$B$78:$C$91,2,0),0),0) -> 47 | L44: 67 | M44: =IFERROR(VLOOKUP(B44,[2]RETAIL!$B$8:$O$63,6,0),0)-IFERROR(IF(B44=100873,VLOOKUP("ABRIL",[2]RETAIL!$B$78:$C$91,2,0),0),0) -> 30 | N44: 67 | O44: =IFERROR(VLOOKUP(B44,[2]RETAIL!$B$8:$O$63,7,0),0)-IFERROR(IF(B44=100873,VLOOKUP("MAYO",[2]RETAIL!$B$78:$C$91,2,0),0),0) -> 43 | P44: 67 | Q44: =IFERROR(VLOOKUP(B44,[2]RETAIL!$B$8:$O$63,8,0),0)-IFERROR(IF(B44=100873,VLOOKUP("JUNIO",[2]RETAIL!$B$78:$C$91,2,0),0),0) -> 52 | S44: =IFERROR(VLOOKUP(B44,[2]RETAIL!$B$8:$O$63,9,0),0)-IFERROR(IF(B44=100873,VLOOKUP("JULIO",[2]RETAIL!$B$78:$C$91,2,0),0),0) -> 0 | U44: =IFERROR(VLOOKUP(B44,[2]RETAIL!$B$8:$O$63,10,0),0)-IFERROR(IF(B44=100873,VLOOKUP("AGOSTO",[2]RETAIL!$B$78:$C$91,2,0),0),0) -> 0 | W44: =IFERROR(VLOOKUP(B44,[2]RETAIL!$B$8:$O$63,11,0),0)-IFERROR(IF(B44=100873,VLOOKUP("SEPTIEMBRE",[2]RETAIL!$B$78:$C$91,2,0),0),0) -> 0 | Y44: =IFERROR(VLOOKUP(B44,[2]RETAIL!$B$8:$O$63,12,0),0)-IFERROR(IF(B44=100873,VLOOKUP("OCTUBRE",[2]RETAIL!$B$78:$C$91,2,0),0),0) -> 0 | AA44: =IFERROR(VLOOKUP(B44,[2]RETAIL!$B$8:$O$63,13,0),0)-IFERROR(IF(B44=100873,VLOOKUP("NOVIEMBRE",[2]RETAIL!$B$78:$C$91,2,0),0),0) -> 0 | AC44: =IFERROR(VLOOKUP(B44,[2]RETAIL!$B$8:$O$63,14,0),0)-IFERROR(IF(B44=100873,VLOOKUP("DICIEMBRE",[2]RETAIL!$B$78:$C$91,2,0),0),0) -> 0 | AD44: =IF($AD$2="ENERO",F44,IF($AD$2="FEBRERO",F44+H44,IF($AD$2="MARZO",F44+H44+J44,IF($AD$2="ABRIL",F44+H44+J44+L44,IF($AD$2="MAYO",F44+H44+J44+L44+N44,IF($AD$2="JUNIO",F44+H44+J44+L44+N44+P44,IF($AD$2="JULIO",F44+H44+J44+L44+N44+P44+R44,IF($AD$2="AGOSTO",F44+H44+J44+L44+N44+P44+R44+T44,IF($AD$2="SEPTIEMBRE",F44+H44+J44+L44+N44+P44+R44+T44+V44,IF($AD$2="OCTUBRE",F44+H44+J44+L44+N44+P44+R44+T44+V44+X44,IF($AD$2="NOVIEMBRE",F44+H44+J44+L44+N44+P44+R44+T44+V44+X44+Z44,IF($AD$2="DICIEMBRE",F44+H44+J44+L44+N44+P44+R44+T44+V44+X44+Z44+AB44,"")))))))))))) -> 402 | AE44: =IFERROR(IF($AD$2="ENERO",G44,IF($AD$2="FEBRERO",G44+I44,IF($AD$2="MARZO",G44+I44+K44,IF($AD$2="ABRIL",G44+I44+K44+M44,IF($AD$2="MAYO",G44+I44+K44+M44+O44,IF($AD$2="JUNIO",G44+I44+K44+M44+O44+Q44,IF($AD$2="JULIO",G44+I44+K44+M44+O44+Q44+S44,IF($AD$2="AGOSTO",G44+I44+K44+M44+O44+Q44+S44+U44,IF($AD$2="SEPTIEMBRE",G44+I44+K44+M44+O44+Q44+S44+U44+W44,IF($AD$2="OCTUBRE",G44+I44+K44+M44+O44+Q44+S44+U44+W44+Y44,IF($AD$2="NOVIEMBRE",G44+I44+K44+M44+O44+Q44+S44+U44+W44+#REF!+AA44,IF($AD$2="DICIEMBRE",G44+I44+K44+M44+O44+Q44+S44+U44+W44+#REF!+AA44+AC44,"")))))))))))),0) -> 268 | AF44: =IFERROR((AE44/AD44),0) -> 0.66666667 | AG44: =+F44+H44+J44+L44+N44+P44+R44+T44+V44+X44+Z44+AB44 -> 402 | AH44: =IFERROR(IF($AD$2="ENERO",G44,IF($AD$2="FEBRERO",G44+I44,IF($AD$2="MARZO",G44+I44+K44,IF($AD$2="ABRIL",G44+I44+K44+M44,IF($AD$2="MAYO",G44+I44+K44+M44+O44,IF($AD$2="JUNIO",G44+I44+K44+M44+O44+Q44,IF($AD$2="JULIO",G44+I44+K44+M44+O44+Q44+S44,IF($AD$2="AGOSTO",G44+I44+K44+M44+O44+Q44+S44+U44,IF($AD$2="SEPTIEMBRE",G44+I44+K44+M44+O44+Q44+S44+U44+W44,IF($AD$2="OCTUBRE",G44+I44+K44+M44+O44+Q44+S44+U44+W44+Y44,IF($AD$2="NOVIEMBRE",G44+I44+K44+M44+O44+Q44+S44+U44+W44+#REF!+AA44,IF($AD$2="DICIEMBRE",G44+I44+K44+M44+O44+Q44+S44+U44+W44+#REF!+AA44+AC44,"")))))))))))),0) -> 268 | AI44: =IFERROR((AH44/AG44),0) -> 0.66666667 | AJ44: =IFERROR(IF($AJ$3="Q1",F44+H44+J44,IF($AJ$3="Q2",L44+N44++P44,IF($AJ$3="Q3",R44+T44+V44,IF($AJ$3="Q4",X44+Z44+AB44,0)))),0) -> 201 | AK44: =IFERROR(IF($AJ$3="Q1",G44+I44+K44,IF($AJ$3="Q2",M44+O44++Q44,IF($AJ$3="Q3",S44+U44+W44,IF($AJ$3="Q4",Y44+AA44+AC44,0)))),0) -> 143 | AL44: =IFERROR((AK44/AJ44),0) -> 0.71144279 | AM44: =IFERROR(IF($AM$3="S 1",F44+H44+J44+L44+N44++P44,IF($AM$3="S 2",R44+T44+V44+X44+Z44+AB44,0)),0) -> 0 | AN44: =IFERROR(IF($AM$3="S 1",G44+I44+K44+M44+O44+Q44,IF($AM$3="S 2",S44+U44+W44+Y44+AA44+AC44,0)),0) -> 0 | AO44: =IFERROR((AN44/AM44),0) -> 0
A45: 7 | B45: 100584 | C45: PRUNA MOTOR | D45: 33948 | E45: Pruna | F45: 16 | G45: =IFERROR(VLOOKUP(B45,[2]RETAIL!$B$8:$O$63,3,0),0)-IFERROR(IF(B45=100873,VLOOKUP("ENERO",[2]RETAIL!$B$78:$C$91,2,0),0),0) -> 14 | H45: 16 | I45: =IFERROR(VLOOKUP(B45,[2]RETAIL!$B$9:$O$63,4,0),0)-IFERROR(IF(B45=100873,GETPIVOTDATA("Chasis",[2]RETAIL!$B$77,"Código INT",100873,"Concesión","Bymycar Madrid","Fecha venta mes","Febrero"),0),0) -> 12 | J45: 16 | K45: =IFERROR(VLOOKUP(B45,[2]RETAIL!$B$8:$O$63,5,0),0)-IFERROR(IF(B45=100873,VLOOKUP("MARZO",[2]RETAIL!$B$78:$C$91,2,0),0),0) -> 9 | L45: 16 | M45: =IFERROR(VLOOKUP(B45,[2]RETAIL!$B$8:$O$63,6,0),0)-IFERROR(IF(B45=100873,VLOOKUP("ABRIL",[2]RETAIL!$B$78:$C$91,2,0),0),0) -> 16 | N45: 16 | O45: =IFERROR(VLOOKUP(B45,[2]RETAIL!$B$8:$O$63,7,0),0)-IFERROR(IF(B45=100873,VLOOKUP("MAYO",[2]RETAIL!$B$78:$C$91,2,0),0),0) -> 21 | P45: 17 | Q45: =IFERROR(VLOOKUP(B45,[2]RETAIL!$B$8:$O$63,8,0),0)-IFERROR(IF(B45=100873,VLOOKUP("JUNIO",[2]RETAIL!$B$78:$C$91,2,0),0),0) -> 43 | S45: =IFERROR(VLOOKUP(B45,[2]RETAIL!$B$8:$O$63,9,0),0)-IFERROR(IF(B45=100873,VLOOKUP("JULIO",[2]RETAIL!$B$78:$C$91,2,0),0),0) -> 0 | U45: =IFERROR(VLOOKUP(B45,[2]RETAIL!$B$8:$O$63,10,0),0)-IFERROR(IF(B45=100873,VLOOKUP("AGOSTO",[2]RETAIL!$B$78:$C$91,2,0),0),0) -> 0 | W45: =IFERROR(VLOOKUP(B45,[2]RETAIL!$B$8:$O$63,11,0),0)-IFERROR(IF(B45=100873,VLOOKUP("SEPTIEMBRE",[2]RETAIL!$B$78:$C$91,2,0),0),0) -> 0 | Y45: =IFERROR(VLOOKUP(B45,[2]RETAIL!$B$8:$O$63,12,0),0)-IFERROR(IF(B45=100873,VLOOKUP("OCTUBRE",[2]RETAIL!$B$78:$C$91,2,0),0),0) -> 0 | AA45: =IFERROR(VLOOKUP(B45,[2]RETAIL!$B$8:$O$63,13,0),0)-IFERROR(IF(B45=100873,VLOOKUP("NOVIEMBRE",[2]RETAIL!$B$78:$C$91,2,0),0),0) -> 0 | AC45: =IFERROR(VLOOKUP(B45,[2]RETAIL!$B$8:$O$63,14,0),0)-IFERROR(IF(B45=100873,VLOOKUP("DICIEMBRE",[2]RETAIL!$B$78:$C$91,2,0),0),0) -> 0 | AD45: =IF($AD$2="ENERO",F45,IF($AD$2="FEBRERO",F45+H45,IF($AD$2="MARZO",F45+H45+J45,IF($AD$2="ABRIL",F45+H45+J45+L45,IF($AD$2="MAYO",F45+H45+J45+L45+N45,IF($AD$2="JUNIO",F45+H45+J45+L45+N45+P45,IF($AD$2="JULIO",F45+H45+J45+L45+N45+P45+R45,IF($AD$2="AGOSTO",F45+H45+J45+L45+N45+P45+R45+T45,IF($AD$2="SEPTIEMBRE",F45+H45+J45+L45+N45+P45+R45+T45+V45,IF($AD$2="OCTUBRE",F45+H45+J45+L45+N45+P45+R45+T45+V45+X45,IF($AD$2="NOVIEMBRE",F45+H45+J45+L45+N45+P45+R45+T45+V45+X45+Z45,IF($AD$2="DICIEMBRE",F45+H45+J45+L45+N45+P45+R45+T45+V45+X45+Z45+AB45,"")))))))))))) -> 97 | AE45: =IFERROR(IF($AD$2="ENERO",G45,IF($AD$2="FEBRERO",G45+I45,IF($AD$2="MARZO",G45+I45+K45,IF($AD$2="ABRIL",G45+I45+K45+M45,IF($AD$2="MAYO",G45+I45+K45+M45+O45,IF($AD$2="JUNIO",G45+I45+K45+M45+O45+Q45,IF($AD$2="JULIO",G45+I45+K45+M45+O45+Q45+S45,IF($AD$2="AGOSTO",G45+I45+K45+M45+O45+Q45+S45+U45,IF($AD$2="SEPTIEMBRE",G45+I45+K45+M45+O45+Q45+S45+U45+W45,IF($AD$2="OCTUBRE",G45+I45+K45+M45+O45+Q45+S45+U45+W45+Y45,IF($AD$2="NOVIEMBRE",G45+I45+K45+M45+O45+Q45+S45+U45+W45+Y44+AA45,IF($AD$2="DICIEMBRE",G45+I45+K45+M45+O45+Q45+S45+U45+W45+Y44+AA45+AC45,"")))))))))))),0) -> 115 | AF45: =IFERROR((AE45/AD45),0) -> 1.185567 | AG45: =+F45+H45+J45+L45+N45+P45+R45+T45+V45+X45+Z45+AB45 -> 97 | AH45: =IFERROR(IF($AD$2="ENERO",G45,IF($AD$2="FEBRERO",G45+I45,IF($AD$2="MARZO",G45+I45+K45,IF($AD$2="ABRIL",G45+I45+K45+M45,IF($AD$2="MAYO",G45+I45+K45+M45+O45,IF($AD$2="JUNIO",G45+I45+K45+M45+O45+Q45,IF($AD$2="JULIO",G45+I45+K45+M45+O45+Q45+S45,IF($AD$2="AGOSTO",G45+I45+K45+M45+O45+Q45+S45+U45,IF($AD$2="SEPTIEMBRE",G45+I45+K45+M45+O45+Q45+S45+U45+W45,IF($AD$2="OCTUBRE",G45+I45+K45+M45+O45+Q45+S45+U45+W45+Y45,IF($AD$2="NOVIEMBRE",G45+I45+K45+M45+O45+Q45+S45+U45+W45+Y44+AA45,IF($AD$2="DICIEMBRE",G45+I45+K45+M45+O45+Q45+S45+U45+W45+Y44+AA45+AC45,"")))))))))))),0) -> 115 | AI45: =IFERROR((AH45/AG45),0) -> 1.185567 | AJ45: =IFERROR(IF($AJ$3="Q1",F45+H45+J45,IF($AJ$3="Q2",L45+N45++P45,IF($AJ$3="Q3",R45+T45+V45,IF($AJ$3="Q4",X45+Z45+AB45,0)))),0) -> 48 | AK45: =IFERROR(IF($AJ$3="Q1",G45+I45+K45,IF($AJ$3="Q2",M45+O45++Q45,IF($AJ$3="Q3",S45+U45+W45,IF($AJ$3="Q4",Y45+AA45+AC45,0)))),0) -> 35 | AL45: =IFERROR((AK45/AJ45),0) -> 0.72916667 | AM45: =IFERROR(IF($AM$3="S 1",F45+H45+J45+L45+N45++P45,IF($AM$3="S 2",R45+T45+V45+X45+Z45+AB45,0)),0) -> 0 | AN45: =IFERROR(IF($AM$3="S 1",G45+I45+K45+M45+O45+Q45,IF($AM$3="S 2",S45+U45+W45+Y45+AA45+AC45,0)),0) -> 0 | AO45: =IFERROR((AN45/AM45),0) -> 0
B46: TOTAL DISTRITO 7 | F46: =SUM(F43:F45) -> 111 | G46: =SUM(G43:G45) -> 79 | H46: =SUM(H43:H45) -> 111 | I46: =SUM(I43:I45) -> 77 | J46: =SUM(J43:J45) -> 111 | K46: =SUM(K43:K45) -> 81 | L46: =SUM(L43:L45) -> 111 | M46: =SUM(M43:M45) -> 65 | ... AC46: =SUM(AC43:AC45) -> 0 | AD46: =IF($AD$2="ENERO",F46,IF($AD$2="FEBRERO",F46+H46,IF($AD$2="MARZO",F46+H46+J46,IF($AD$2="ABRIL",F46+H46+J46+L46,IF($AD$2="MAYO",F46+H46+J46+L46+N46,IF($AD$2="JUNIO",F46+H46+J46+L46+N46+P46,IF($AD$2="JULIO",F46+H46+J46+L46+N46+P46+R46,IF($AD$2="AGOSTO",F46+H46+J46+L46+N46+P46+R46+T46,IF($AD$2="SEPTIEMBRE",F46+H46+J46+L46+N46+P46+R46+T46+V46,IF($AD$2="OCTUBRE",F46+H46+J46+L46+N46+P46+R46+T46+V46+X46,IF($AD$2="NOVIEMBRE",F46+H46+J46+L46+N46+P46+R46+T46+V46+X46+Z46,IF($AD$2="DICIEMBRE",F46+H46+J46+L46+N46+P46+R46+T46+V46+X46+Z46+AB46,"")))))))))))) -> 667 | AE46: =IF($AD$2="ENERO",G46,IF($AD$2="FEBRERO",G46+I46,IF($AD$2="MARZO",G46+I46+K46,IF($AD$2="ABRIL",G46+I46+K46+M46,IF($AD$2="MAYO",G46+I46+K46+M46+O46,IF($AD$2="JUNIO",G46+I46+K46+M46+O46+Q46,IF($AD$2="JULIO",G46+I46+K46+M46+O46+Q46+S46,IF($AD$2="AGOSTO",G46+I46+K46+M46+O46+Q46+S46+U46,IF($AD$2="SEPTIEMBRE",G46+I46+K46+M46+O46+Q46+S46+U46+W46,IF($AD$2="OCTUBRE",G46+I46+K46+M46+O46+Q46+S46+U46+W46+Y46,IF($AD$2="NOVIEMBRE",G46+I46+K46+M46+O46+Q46+S46+U46+W46+Y46+AA46,IF($AD$2="DICIEMBRE",G46+I46+K46+M46+O46+Q46+S46+U46+W46+Y46+AA46+AC46,"")))))))))))) -> 505 | AF46: =IFERROR((AE46/AD46),0) -> 0.75712144 | AG46: =+F46+H46+J46+L46+N46+P46+R46+T46+V46+X46+Z46+AB46 -> 667 | AH46: =IF($AD$2="ENERO",G46,IF($AD$2="FEBRERO",G46+I46,IF($AD$2="MARZO",G46+I46+K46,IF($AD$2="ABRIL",G46+I46+K46+M46,IF($AD$2="MAYO",G46+I46+K46+M46+O46,IF($AD$2="JUNIO",G46+I46+K46+M46+O46+Q46,IF($AD$2="JULIO",G46+I46+K46+M46+O46+Q46+S46,IF($AD$2="AGOSTO",G46+I46+K46+M46+O46+Q46+S46+U46,IF($AD$2="SEPTIEMBRE",G46+I46+K46+M46+O46+Q46+S46+U46+W46,IF($AD$2="OCTUBRE",G46+I46+K46+M46+O46+Q46+S46+U46+W46+Y46,IF($AD$2="NOVIEMBRE",G46+I46+K46+M46+O46+Q46+S46+U46+W46+Y46+AA46,IF($AD$2="DICIEMBRE",G46+I46+K46+M46+O46+Q46+S46+U46+W46+Y46+AA46+AC46,"")))))))))))) -> 505 | AI46: =IFERROR((AH46/AG46),0) -> 0.75712144 | AJ46: =IFERROR(IF($AJ$3="Q1",F46+H46+J46,IF($AJ$3="Q2",L46+N46++P46,IF($AJ$3="Q3",R46+T46+V46,IF($AJ$3="Q4",X46+Z46+AB46,0)))),0) -> 333 | AK46: =IFERROR(IF($AJ$3="Q1",G46+I46+K46,IF($AJ$3="Q2",M46+O46++Q46,IF($AJ$3="Q3",S46+U46+W46,IF($AJ$3="Q4",Y46+AA46+AC46,0)))),0) -> 237 | AL46: =IFERROR((AK46/AJ46),0) -> 0.71171171 | AM46: =IFERROR(IF($AM$3="S 1",F46+H46+J46+L46+N46++P46,IF($AM$3="S 2",R46+T46+V46+X46+Z46+AB46,0)),0) -> 0 | AN46: =IFERROR(IF($AM$3="S 1",G46+I46+K46+M46+O46+Q46,IF($AM$3="S 2",S46+U46+W46+Y46+AA46+AC46,0)),0) -> 0 | AO46: =IFERROR((AN46/AM46),0) -> 0
A47: 8 | B47: 100765 | C47: LIZAGA MOTOR | D47: 41991 | E47: Martín Lizaga | F47: 4 | G47: =IFERROR(VLOOKUP(B47,[2]RETAIL!$B$8:$O$63,3,0),0)-IFERROR(IF(B47=100873,VLOOKUP("ENERO",[2]RETAIL!$B$78:$C$91,2,0),0),0) -> 3 | H47: 4 | I47: =IFERROR(VLOOKUP(B47,[2]RETAIL!$B$8:$O$63,4,0),0)-IFERROR(IF(B47=100873,VLOOKUP("FEBRERO",[2]RETAIL!$B$78:$C$91,2,0),0),0) -> 5 | J47: 5 | K47: =IFERROR(VLOOKUP(B47,[2]RETAIL!$B$8:$O$63,5,0),0)-IFERROR(IF(B47=100873,VLOOKUP("MARZO",[2]RETAIL!$B$78:$C$91,2,0),0),0) -> 4 | L47: 4 | M47: =IFERROR(VLOOKUP(B47,[2]RETAIL!$B$8:$O$63,6,0),0)-IFERROR(IF(B47=100873,VLOOKUP("ABRIL",[2]RETAIL!$B$78:$C$91,2,0),0),0) -> 4 | N47: 5 | O47: =IFERROR(VLOOKUP(B47,[2]RETAIL!$B$8:$O$63,7,0),0)-IFERROR(IF(B47=100873,VLOOKUP("MAYO",[2]RETAIL!$B$78:$C$91,2,0),0),0) -> 7 | P47: 5 | Q47: =IFERROR(VLOOKUP(B47,[2]RETAIL!$B$8:$O$63,8,0),0)-IFERROR(IF(B47=100873,VLOOKUP("JUNIO",[2]RETAIL!$B$78:$C$91,2,0),0),0) -> 6 | S47: =IFERROR(VLOOKUP(B47,[2]RETAIL!$B$8:$O$63,9,0),0)-IFERROR(IF(B47=100873,VLOOKUP("JULIO",[2]RETAIL!$B$78:$C$91,2,0),0),0) -> 0 | U47: =IFERROR(VLOOKUP(B47,[2]RETAIL!$B$8:$O$63,10,0),0)-IFERROR(IF(B47=100873,VLOOKUP("AGOSTO",[2]RETAIL!$B$78:$C$91,2,0),0),0) -> 0 | W47: =IFERROR(VLOOKUP(B47,[2]RETAIL!$B$8:$O$63,11,0),0)-IFERROR(IF(B47=100873,VLOOKUP("SEPTIEMBRE",[2]RETAIL!$B$78:$C$91,2,0),0),0) -> 0 | Y47: =IFERROR(VLOOKUP(B47,[2]RETAIL!$B$8:$O$63,12,0),0)-IFERROR(IF(B47=100873,VLOOKUP("OCTUBRE",[2]RETAIL!$B$78:$C$91,2,0),0),0) -> 0 | AA47: =IFERROR(VLOOKUP(B47,[2]RETAIL!$B$8:$O$63,13,0),0)-IFERROR(IF(B47=100873,VLOOKUP("NOVIEMBRE",[2]RETAIL!$B$78:$C$91,2,0),0),0) -> 0 | AC47: =IFERROR(VLOOKUP(B47,[2]RETAIL!$B$8:$O$63,14,0),0)-IFERROR(IF(B47=100873,VLOOKUP("DICIEMBRE",[2]RETAIL!$B$78:$C$91,2,0),0),0) -> 0 | AD47: =IF($AD$2="ENERO",F47,IF($AD$2="FEBRERO",F47+H47,IF($AD$2="MARZO",F47+H47+J47,IF($AD$2="ABRIL",F47+H47+J47+L47,IF($AD$2="MAYO",F47+H47+J47+L47+N47,IF($AD$2="JUNIO",F47+H47+J47+L47+N47+P47,IF($AD$2="JULIO",F47+H47+J47+L47+N47+P47+R47,IF($AD$2="AGOSTO",F47+H47+J47+L47+N47+P47+R47+T47,IF($AD$2="SEPTIEMBRE",F47+H47+J47+L47+N47+P47+R47+T47+V47,IF($AD$2="OCTUBRE",F47+H47+J47+L47+N47+P47+R47+T47+V47+X47,IF($AD$2="NOVIEMBRE",F47+H47+J47+L47+N47+P47+R47+T47+V47+X47+Z47,IF($AD$2="DICIEMBRE",F47+H47+J47+L47+N47+P47+R47+T47+V47+X47+Z47+AB47,"")))))))))))) -> 27 | AE47: =IFERROR(IF($AD$2="ENERO",G47,IF($AD$2="FEBRERO",G47+I47,IF($AD$2="MARZO",G47+I47+K47,IF($AD$2="ABRIL",G47+I47+K47+M47,IF($AD$2="MAYO",G47+I47+K47+M47+O47,IF($AD$2="JUNIO",G47+I47+K47+M47+O47+Q47,IF($AD$2="JULIO",G47+I47+K47+M47+O47+Q47+S47,IF($AD$2="AGOSTO",G47+I47+K47+M47+O47+Q47+S47+U47,IF($AD$2="SEPTIEMBRE",G47+I47+K47+M47+O47+Q47+S47+U47+W47,IF($AD$2="OCTUBRE",G47+I47+K47+M47+O47+Q47+S47+U47+W47+Y47,IF($AD$2="NOVIEMBRE",G47+I47+K47+M47+O47+Q47+S47+U47+W47+Y47+AA47,IF($AD$2="DICIEMBRE",G47+I47+K47+M47+O47+Q47+S47+U47+W47+Y47+AA47+AC47,"")))))))))))),0) -> 29 | AF47: =IFERROR((AE47/AD47),0) -> 1.0740741 | AG47: =+F47+H47+J47+L47+N47+P47+R47+T47+V47+X47+Z47+AB47 -> 27 | AH47: =IFERROR(IF($AD$2="ENERO",G47,IF($AD$2="FEBRERO",G47+I47,IF($AD$2="MARZO",G47+I47+K47,IF($AD$2="ABRIL",G47+I47+K47+M47,IF($AD$2="MAYO",G47+I47+K47+M47+O47,IF($AD$2="JUNIO",G47+I47+K47+M47+O47+Q47,IF($AD$2="JULIO",G47+I47+K47+M47+O47+Q47+S47,IF($AD$2="AGOSTO",G47+I47+K47+M47+O47+Q47+S47+U47,IF($AD$2="SEPTIEMBRE",G47+I47+K47+M47+O47+Q47+S47+U47+W47,IF($AD$2="OCTUBRE",G47+I47+K47+M47+O47+Q47+S47+U47+W47+Y47,IF($AD$2="NOVIEMBRE",G47+I47+K47+M47+O47+Q47+S47+U47+W47+Y47+AA47,IF($AD$2="DICIEMBRE",G47+I47+K47+M47+O47+Q47+S47+U47+W47+Y47+AA47+AC47,"")))))))))))),0) -> 29 | AI47: =IFERROR((AH47/AG47),0) -> 1.0740741 | AJ47: =IFERROR(IF($AJ$3="Q1",F47+H47+J47,IF($AJ$3="Q2",L47+N47++P47,IF($AJ$3="Q3",R47+T47+V47,IF($AJ$3="Q4",X47+Z47+AB47,0)))),0) -> 13 | AK47: =IFERROR(IF($AJ$3="Q1",G47+I47+K47,IF($AJ$3="Q2",M47+O47++Q47,IF($AJ$3="Q3",S47+U47+W47,IF($AJ$3="Q4",Y47+AA47+AC47,0)))),0) -> 12 | AL47: =IFERROR((AK47/AJ47),0) -> 0.92307692 | AM47: =IFERROR(IF($AM$3="S 1",F47+H47+J47+L47+N47++P47,IF($AM$3="S 2",R47+T47+V47+X47+Z47+AB47,0)),0) -> 0 | AN47: =IFERROR(IF($AM$3="S 1",G47+I47+K47+M47+O47+Q47,IF($AM$3="S 2",S47+U47+W47+Y47+AA47+AC47,0)),0) -> 0 | AO47: =IFERROR((AN47/AM47),0) -> 0
A48: 8 | B48: 100002 | C48: BERTOLÍN | D48: 1357 | E48: Grupo Bertolín | F48: 19 | G48: =IFERROR(VLOOKUP(B48,[2]RETAIL!$B$8:$O$63,3,0),0)-IFERROR(IF(B48=100873,VLOOKUP("ENERO",[2]RETAIL!$B$78:$C$91,2,0),0),0) -> 18 | H48: 19 | I48: =IFERROR(VLOOKUP(B48,[2]RETAIL!$B$8:$O$63,4,0),0)-IFERROR(IF(B48=100873,VLOOKUP("FEBRERO",[2]RETAIL!$B$78:$C$91,2,0),0),0) -> 16 | J48: 19 | K48: =IFERROR(VLOOKUP(B48,[2]RETAIL!$B$8:$O$63,5,0),0)-IFERROR(IF(B48=100873,VLOOKUP("MARZO",[2]RETAIL!$B$78:$C$91,2,0),0),0) -> 17 | L48: 19 | M48: =IFERROR(VLOOKUP(B48,[2]RETAIL!$B$8:$O$63,6,0),0)-IFERROR(IF(B48=100873,VLOOKUP("ABRIL",[2]RETAIL!$B$78:$C$91,2,0),0),0) -> 16 | N48: 19 | O48: =IFERROR(VLOOKUP(B48,[2]RETAIL!$B$8:$O$63,7,0),0)-IFERROR(IF(B48=100873,VLOOKUP("MAYO",[2]RETAIL!$B$78:$C$91,2,0),0),0) -> 12 | P48: 20 | Q48: =IFERROR(VLOOKUP(B48,[2]RETAIL!$B$8:$O$63,8,0),0)-IFERROR(IF(B48=100873,VLOOKUP("JUNIO",[2]RETAIL!$B$78:$C$91,2,0),0),0) -> 17 | S48: =IFERROR(VLOOKUP(B48,[2]RETAIL!$B$8:$O$63,9,0),0)-IFERROR(IF(B48=100873,VLOOKUP("JULIO",[2]RETAIL!$B$78:$C$91,2,0),0),0) -> 0 | U48: =IFERROR(VLOOKUP(B48,[2]RETAIL!$B$8:$O$63,10,0),0)-IFERROR(IF(B48=100873,VLOOKUP("AGOSTO",[2]RETAIL!$B$78:$C$91,2,0),0),0) -> 0 | W48: =IFERROR(VLOOKUP(B48,[2]RETAIL!$B$8:$O$63,11,0),0)-IFERROR(IF(B48=100873,VLOOKUP("SEPTIEMBRE",[2]RETAIL!$B$78:$C$91,2,0),0),0) -> 0 | Y48: =IFERROR(VLOOKUP(B48,[2]RETAIL!$B$8:$O$63,12,0),0)-IFERROR(IF(B48=100873,VLOOKUP("OCTUBRE",[2]RETAIL!$B$78:$C$91,2,0),0),0) -> 0 | AA48: =IFERROR(VLOOKUP(B48,[2]RETAIL!$B$8:$O$63,13,0),0)-IFERROR(IF(B48=100873,VLOOKUP("NOVIEMBRE",[2]RETAIL!$B$78:$C$91,2,0),0),0) -> 0 | AC48: =IFERROR(VLOOKUP(B48,[2]RETAIL!$B$8:$O$63,14,0),0)-IFERROR(IF(B48=100873,VLOOKUP("DICIEMBRE",[2]RETAIL!$B$78:$C$91,2,0),0),0) -> 0 | AD48: =IF($AD$2="ENERO",F48,IF($AD$2="FEBRERO",F48+H48,IF($AD$2="MARZO",F48+H48+J48,IF($AD$2="ABRIL",F48+H48+J48+L48,IF($AD$2="MAYO",F48+H48+J48+L48+N48,IF($AD$2="JUNIO",F48+H48+J48+L48+N48+P48,IF($AD$2="JULIO",F48+H48+J48+L48+N48+P48+R48,IF($AD$2="AGOSTO",F48+H48+J48+L48+N48+P48+R48+T48,IF($AD$2="SEPTIEMBRE",F48+H48+J48+L48+N48+P48+R48+T48+V48,IF($AD$2="OCTUBRE",F48+H48+J48+L48+N48+P48+R48+T48+V48+X48,IF($AD$2="NOVIEMBRE",F48+H48+J48+L48+N48+P48+R48+T48+V48+X48+Z48,IF($AD$2="DICIEMBRE",F48+H48+J48+L48+N48+P48+R48+T48+V48+X48+Z48+AB48,"")))))))))))) -> 115 | AE48: =IFERROR(IF($AD$2="ENERO",G48,IF($AD$2="FEBRERO",G48+I48,IF($AD$2="MARZO",G48+I48+K48,IF($AD$2="ABRIL",G48+I48+K48+M48,IF($AD$2="MAYO",G48+I48+K48+M48+O48,IF($AD$2="JUNIO",G48+I48+K48+M48+O48+Q48,IF($AD$2="JULIO",G48+I48+K48+M48+O48+Q48+S48,IF($AD$2="AGOSTO",G48+I48+K48+M48+O48+Q48+S48+U48,IF($AD$2="SEPTIEMBRE",G48+I48+K48+M48+O48+Q48+S48+U48+W48,IF($AD$2="OCTUBRE",G48+I48+K48+M48+O48+Q48+S48+U48+W48+Y48,IF($AD$2="NOVIEMBRE",G48+I48+K48+M48+O48+Q48+S48+U48+W48+Y48+AA48,IF($AD$2="DICIEMBRE",G48+I48+K48+M48+O48+Q48+S48+U48+W48+Y48+AA48+AC48,"")))))))))))),0) -> 96 | AF48: =IFERROR((AE48/AD48),0) -> 0.83478261 | AG48: =+F48+H48+J48+L48+N48+P48+R48+T48+V48+X48+Z48+AB48 -> 115 | AH48: =IFERROR(IF($AD$2="ENERO",G48,IF($AD$2="FEBRERO",G48+I48,IF($AD$2="MARZO",G48+I48+K48,IF($AD$2="ABRIL",G48+I48+K48+M48,IF($AD$2="MAYO",G48+I48+K48+M48+O48,IF($AD$2="JUNIO",G48+I48+K48+M48+O48+Q48,IF($AD$2="JULIO",G48+I48+K48+M48+O48+Q48+S48,IF($AD$2="AGOSTO",G48+I48+K48+M48+O48+Q48+S48+U48,IF($AD$2="SEPTIEMBRE",G48+I48+K48+M48+O48+Q48+S48+U48+W48,IF($AD$2="OCTUBRE",G48+I48+K48+M48+O48+Q48+S48+U48+W48+Y48,IF($AD$2="NOVIEMBRE",G48+I48+K48+M48+O48+Q48+S48+U48+W48+Y48+AA48,IF($AD$2="DICIEMBRE",G48+I48+K48+M48+O48+Q48+S48+U48+W48+Y48+AA48+AC48,"")))))))))))),0) -> 96 | AI48: =IFERROR((AH48/AG48),0) -> 0.83478261 | AJ48: =IFERROR(IF($AJ$3="Q1",F48+H48+J48,IF($AJ$3="Q2",L48+N48++P48,IF($AJ$3="Q3",R48+T48+V48,IF($AJ$3="Q4",X48+Z48+AB48,0)))),0) -> 57 | AK48: =IFERROR(IF($AJ$3="Q1",G48+I48+K48,IF($AJ$3="Q2",M48+O48++Q48,IF($AJ$3="Q3",S48+U48+W48,IF($AJ$3="Q4",Y48+AA48+AC48,0)))),0) -> 51 | AL48: =IFERROR((AK48/AJ48),0) -> 0.89473684 | AM48: =IFERROR(IF($AM$3="S 1",F48+H48+J48+L48+N48++P48,IF($AM$3="S 2",R48+T48+V48+X48+Z48+AB48,0)),0) -> 0 | AN48: =IFERROR(IF($AM$3="S 1",G48+I48+K48+M48+O48+Q48,IF($AM$3="S 2",S48+U48+W48+Y48+AA48+AC48,0)),0) -> 0 | AO48: =IFERROR((AN48/AM48),0) -> 0
